01/31/21,0.1
01/31/21,-0.1
01/31/21,-0.16666666666666666
01/31/21,0.1
01/31/21,0.5
01/31/21,0.85
01/31/21,0.1
01/31/21,0.17499999999999996
01/31/21,0.4
01/31/21,-0.4
01/31/21,1.0
01/31/21,0.65
01/31/21,-0.17916666666666667
01/31/21,0.1
01/31/21,0.25
01/31/21,0.2130681818181818
01/31/21,-0.125
01/31/21,0.07500000000000001
01/31/21,-0.1
01/31/21,-0.1
01/31/21,0.55
01/31/21,0.65
01/31/21,0.16
01/31/21,0.25
01/31/21,0.15000000000000005
01/31/21,0.25
01/31/21,0.4375
01/31/21,-0.03
01/31/21,-0.06818181818181818
01/31/21,-0.1
01/31/21,0.175
01/31/21,0.1
01/31/21,0.7
01/31/21,0.15714285714285714
01/31/21,-0.16666666666666666
01/31/21,0.1
01/31/21,-0.125
01/31/21,-0.06818181818181818
01/31/21,0.375
01/31/21,0.26785714285714285
01/31/21,-0.2619047619047619
01/31/21,0.018750000000000003
01/31/21,0.125
01/31/21,-0.125
01/31/21,0.1
01/31/21,0.5
01/31/21,0.1
01/31/21,0.1
01/31/21,0.3333333333333333
01/31/21,0.2
01/31/21,-0.15
01/31/21,0.32500000000000007
01/31/21,0.55
01/31/21,0.1
01/31/21,0.35
01/31/21,0.0625
01/31/21,0.13636363636363635
01/31/21,-0.125
01/31/21,0.5454545454545454
01/31/21,0.1
01/31/21,0.2
01/31/21,0.5
01/31/21,0.24675324675324675
01/31/21,-0.1
01/31/21,0.175
01/31/21,0.1
01/31/21,0.3
01/31/21,0.13636363636363635
01/31/21,0.4
01/31/21,0.55
01/31/21,0.3151515151515151
01/31/21,0.1
01/31/21,-0.5
01/31/21,-0.06818181818181818
01/31/21,0.2
01/31/21,-0.1
01/31/21,0.1
01/31/21,1.0
01/31/21,-0.06818181818181818
01/31/21,0.25
01/31/21,0.1
01/31/21,-0.23958333333333331
01/31/21,0.7
01/31/21,0.1
01/31/21,-0.033333333333333326
01/31/21,-0.16666666666666666
01/31/21,0.2
01/31/21,0.2833333333333333
01/31/21,-0.25
01/31/21,0.5
01/31/21,-0.125
01/31/21,0.13636363636363635
01/31/21,0.2857142857142857
01/31/21,-0.1875
01/31/21,0.2375
01/31/21,-0.19999999999999998
01/31/21,0.25
01/31/21,0.55
01/31/21,-0.2
01/31/21,0.65
01/31/21,0.13636363636363635
01/31/21,-0.19874999999999998
01/31/21,0.7
01/31/21,0.1866666666666667
01/31/21,0.32222222222222224
01/31/21,0.16666666666666669
01/31/21,1.0
01/31/21,-0.1
01/31/21,-0.1
01/31/21,0.5333333333333333
01/31/21,0.21666666666666667
01/31/21,0.2515151515151515
01/31/21,0.5454545454545454
01/31/21,0.4166666666666667
01/31/21,0.31666666666666665
01/31/21,-0.125
01/31/21,-0.16666666666666666
01/31/21,0.375
01/31/21,0.38666666666666666
01/31/21,0.19999999999999998
01/31/21,-0.16666666666666666
01/31/21,0.65
01/31/21,0.25
01/31/21,0.65
01/31/21,0.24675324675324675
01/31/21,0.1
01/31/21,0.25
01/31/21,0.13636363636363635
01/31/21,0.65
01/31/21,0.65
01/31/21,0.6000000000000001
01/31/21,-0.125
01/31/21,0.55
01/31/21,0.3
01/31/21,0.5
01/31/21,0.65
01/31/21,0.25
01/31/21,0.275
01/31/21,0.2
01/31/21,-0.1
01/31/21,0.15
01/31/21,0.1
01/31/21,-0.125
01/31/21,-0.25
01/31/21,0.5
01/31/21,0.55
01/31/21,0.0625
01/31/21,0.13636363636363635
01/31/21,0.5
01/31/21,0.375
01/31/21,0.1
01/31/21,0.16666666666666666
01/31/21,0.35714285714285715
01/31/21,0.1
01/31/21,-0.07142857142857142
01/31/21,0.4
01/31/21,0.55
01/31/21,-0.1
01/31/21,-0.21666666666666667
01/31/21,0.05
01/31/21,-0.15555555555555559
01/31/21,-0.06818181818181818
01/31/21,0.65
01/31/21,0.4357142857142857
01/31/21,0.25
01/31/21,0.25
01/31/21,0.1
01/31/21,0.1
01/31/21,0.55
01/31/21,0.13636363636363635
01/31/21,-0.3333333333333333
01/31/21,0.37878787878787873
01/31/21,1.0
01/31/21,-0.125
01/31/21,-0.1
01/31/21,-0.09999999999999998
01/31/21,0.4121212121212121
01/31/21,-0.1
01/31/21,0.44999999999999996
01/31/21,0.375
01/31/21,0.1
01/31/21,0.15
01/31/21,0.65
01/31/21,-0.26666666666666666
01/31/21,0.25
01/31/21,0.13636363636363635
01/31/21,0.13636363636363635
01/31/21,0.5625
01/31/21,0.1
01/31/21,0.5333333333333333
01/31/21,0.1
01/31/21,0.5222727272727272
01/31/21,0.4000000000000001
01/31/21,-0.06818181818181818
01/31/21,0.65
01/31/21,0.65
01/31/21,0.3333333333333333
01/31/21,0.39285714285714285
01/31/21,0.033333333333333326
01/31/21,0.11818181818181818
01/31/21,0.25
01/31/21,0.1
01/31/21,0.65
01/31/21,0.65
01/31/21,0.65
01/31/21,0.25
01/31/21,0.04583333333333334
01/31/21,0.25
01/31/21,0.11250000000000004
01/31/21,0.16818181818181818
01/31/21,0.3125
01/31/21,0.32499999999999996
01/31/21,0.55
01/31/21,-0.26609216417585096
01/31/21,0.13636363636363635
01/31/21,0.2857142857142857
01/31/21,-0.05
01/31/21,0.625
01/31/21,1.0
01/31/21,0.1
01/31/21,0.04999999999999999
01/31/21,0.13636363636363635
01/31/21,-0.2
01/31/21,0.4
01/31/21,0.012499999999999997
01/31/21,0.2
01/31/21,0.07500000000000001
01/31/21,-0.07500000000000001
01/31/21,0.8
01/31/21,-0.023809523809523808
01/31/21,1.0
01/31/21,-0.16666666666666666
01/31/21,0.5
01/31/21,0.5
01/31/21,0.2333333333333333
01/31/21,0.65
01/31/21,0.55
01/31/21,0.25
01/31/21,0.375
01/31/21,0.1
01/31/21,0.375
01/31/21,0.2
01/31/21,-0.16666666666666666
01/31/21,0.033333333333333326
01/31/21,0.25
01/31/21,0.26666666666666666
01/31/21,0.65
01/31/21,0.1
01/31/21,0.25
01/31/21,0.1
01/31/21,0.4
01/31/21,0.13636363636363635
01/31/21,0.13636363636363635
01/31/21,0.625
01/31/21,0.5
01/31/21,0.65
01/31/21,0.39285714285714285
01/31/21,0.15
01/31/21,0.5
01/31/21,0.9
01/31/21,0.25
01/31/21,0.25
01/31/21,0.14666666666666667
01/31/21,0.7
01/31/21,0.25
01/31/21,0.125
01/31/21,0.2
01/31/21,-0.06818181818181818
01/31/21,0.25
01/31/21,-0.0625
01/31/21,0.1
01/31/21,0.13636363636363635
01/31/21,0.1
01/31/21,-0.06818181818181818
01/31/21,0.13636363636363635
01/31/21,-0.26041666666666663
01/31/21,0.24675324675324675
01/31/21,0.85
01/31/21,0.65
01/31/21,0.55
01/31/21,0.1
01/31/21,0.21212121212121213
01/31/21,0.25
01/31/21,0.5
01/31/21,0.65
01/31/21,0.65
01/31/21,0.1
01/31/21,0.25
01/31/21,0.65
01/31/21,-0.1
01/31/21,0.25
01/31/21,-0.1875
01/31/21,0.13636363636363635
01/31/21,0.1
01/31/21,-0.16666666666666666
01/31/21,-0.1
01/31/21,0.13636363636363635
01/31/21,0.025714285714285717
01/31/21,0.13636363636363635
01/31/21,-0.4
01/31/21,0.25
01/31/21,0.65
01/31/21,-0.015151515151515152
01/31/21,0.8
01/31/21,0.17857142857142858
01/31/21,-0.1
01/31/21,0.55
01/31/21,0.5333333333333333
01/31/21,0.3340909090909091
01/31/21,0.5
01/31/21,0.5
01/31/21,0.2857142857142857
01/31/21,-0.007499999999999995
01/31/21,0.25
01/31/21,0.125
01/31/21,0.8
01/31/21,0.65
01/31/21,0.13636363636363635
01/31/21,0.65
01/31/21,0.45
01/31/21,0.25
01/31/21,0.4000000000000001
01/31/21,0.1
01/31/21,0.25
01/31/21,0.7
01/31/21,0.55
01/31/21,0.21212121212121213
01/31/21,-0.1
01/31/21,0.26666666666666666
01/31/21,0.1
01/31/21,-0.16666666666666666
01/31/21,0.06818181818181818
01/31/21,-0.1
01/31/21,-0.3125
01/31/21,-0.5
01/31/21,0.8
01/31/21,-0.2
01/31/21,0.33482142857142855
01/31/21,0.1
01/31/21,0.1
01/31/21,0.125
01/31/21,0.31666666666666665
01/31/21,0.13636363636363635
01/31/21,0.6
01/31/21,-0.125
01/31/21,0.1
01/31/21,0.1
01/31/21,0.625
01/31/21,0.25
01/31/21,0.55
01/31/21,0.5
01/31/21,0.7
01/31/21,0.005555555555555536
01/31/21,0.25
01/31/21,0.375
01/31/21,1.0
01/31/21,0.9
01/31/21,0.1
01/31/21,0.5
01/31/21,0.13636363636363635
01/31/21,0.4
01/31/21,-0.75
01/31/21,0.2590909090909091
01/31/21,0.22424242424242424
01/31/21,-0.075
01/31/21,-0.1
01/31/21,0.15
01/31/21,-0.06818181818181818
01/31/21,0.4
01/31/21,0.5
01/31/21,0.1
01/31/21,0.4
01/31/21,-0.1
01/31/21,0.225
01/31/21,-0.015151515151515152
01/31/21,-0.3166666666666667
01/31/21,0.875
01/31/21,0.16666666666666666
01/31/21,0.55
01/31/21,-0.1
01/31/21,0.375
01/31/21,0.375
01/31/21,-0.1
01/31/21,0.4
01/31/21,-0.1
01/31/21,0.1
01/31/21,0.20833333333333334
01/31/21,-0.625
01/31/21,-0.1
01/31/21,-0.1
01/31/21,1.0
01/31/21,0.1
01/31/21,0.5
01/31/21,1.0
01/31/21,-0.5833333333333334
01/31/21,0.5
01/31/21,-0.16666666666666666
01/31/21,0.033333333333333326
01/31/21,-0.125
01/31/21,0.16666666666666666
01/31/21,0.375
01/31/21,0.1
01/31/21,-0.06818181818181818
01/31/21,-0.015151515151515152
01/31/21,-0.2619047619047619
01/31/21,0.13636363636363635
01/31/21,-0.16666666666666666
01/31/21,0.5
01/31/21,0.375
01/31/21,-0.125
01/31/21,0.65
01/31/21,0.1
01/31/21,0.25
01/31/21,-0.16666666666666666
01/31/21,0.13636363636363635
01/31/21,0.13636363636363635
01/31/21,-0.16666666666666666
01/31/21,0.31666666666666665
01/31/21,1.0
01/31/21,-0.125
01/31/21,0.1
01/31/21,0.22402597402597402
01/31/21,0.375
01/31/21,0.13636363636363635
01/31/21,0.06818181818181818
01/31/21,0.3333333333333333
01/31/21,0.13636363636363635
01/31/21,0.06818181818181818
01/31/21,0.3
01/31/21,-0.125
01/31/21,0.65
01/31/21,0.1
01/31/21,0.25
01/31/21,0.13636363636363635
01/31/21,0.25
01/31/21,0.1
01/31/21,0.5
01/31/21,0.65
01/31/21,0.25
01/31/21,0.13636363636363635
01/31/21,0.21428571428571427
01/31/21,0.13333333333333333
01/31/21,0.1
01/31/21,0.20000000000000004
01/31/21,-0.125
01/31/21,0.13636363636363635
01/31/21,-0.024999999999999994
01/31/21,0.1
01/31/21,-0.20897435897435904
01/31/21,0.8
01/31/21,0.1
01/31/21,0.7
01/31/21,0.8
01/31/21,0.3333333333333333
01/31/21,0.1
01/31/21,-0.075
01/31/21,-0.125
01/31/21,0.13636363636363635
01/31/21,0.1
01/31/21,0.8
01/31/21,0.5
01/31/21,0.65
01/31/21,0.2
01/31/21,0.25
01/31/21,0.1
01/31/21,0.125
01/31/21,0.55
01/31/21,0.13636363636363635
01/31/21,-0.06818181818181818
01/31/21,-0.125
01/31/21,0.175
01/31/21,0.13636363636363635
01/31/21,0.1
01/31/21,0.5
01/31/21,0.65
01/31/21,0.4
01/31/21,1.0
01/31/21,0.2681818181818182
01/31/21,0.1
01/31/21,0.175
01/31/21,0.1
01/31/21,0.1
01/31/21,-0.0625
01/31/21,0.65
01/31/21,0.4681818181818182
01/31/21,0.16818181818181818
01/31/21,0.1
01/31/21,-0.125
01/31/21,0.16666666666666666
01/31/21,-0.16666666666666666
01/31/21,-0.21477272727272728
01/31/21,-0.20833333333333326
01/31/21,0.11818181818181818
01/31/21,0.3333333333333333
01/31/21,0.1
01/31/21,0.1
01/31/21,0.35714285714285715
01/31/21,-0.125
01/31/21,0.55
01/31/21,0.1
01/31/21,0.1
01/31/21,0.4
01/31/21,0.13636363636363635
01/31/21,0.8375
01/31/21,0.06818181818181818
01/31/21,0.1
01/31/21,0.13636363636363635
01/31/21,0.125
01/31/21,-0.125
01/31/21,0.1
01/31/21,0.1
01/31/21,0.1
01/31/21,0.26666666666666666
01/31/21,0.25
01/31/21,0.4833333333333333
01/31/21,0.1
01/31/21,0.1
01/31/21,-0.125
01/31/21,0.65
01/31/21,0.1
01/31/21,0.25
01/31/21,-0.125
01/31/21,0.55
01/31/21,0.5
01/31/21,-0.1
01/31/21,-0.125
01/31/21,-0.2916666666666667
01/31/21,0.38
01/31/21,0.7
01/31/21,-0.06818181818181818
01/31/21,-0.25
01/31/21,0.05
01/31/21,0.65
01/31/21,0.5
01/31/21,0.25
01/31/21,-0.125
01/31/21,0.7
01/31/21,0.225
01/31/21,0.0375
01/31/21,0.5
01/31/21,0.65
01/31/21,0.13636363636363635
01/31/21,0.1
01/31/21,0.13636363636363635
01/31/21,0.1
01/31/21,0.1
01/31/21,0.55
01/31/21,-1.0
01/31/21,-0.75
01/31/21,-0.016276041666666664
01/31/21,0.3333333333333333
01/31/21,0.6
01/31/21,0.13636363636363635
01/31/21,-0.5
01/31/21,0.3333333333333333
01/31/21,0.1375
01/31/21,0.15
01/31/21,0.1
01/31/21,0.13636363636363635
01/31/21,-0.05757575757575758
01/31/21,-0.25
01/31/21,-0.125
01/31/21,-0.1
01/31/21,0.25
01/31/21,0.21212121212121213
01/31/21,0.45
01/31/21,0.1
01/31/21,0.1
01/31/21,0.31628787878787873
01/31/21,0.4666666666666666
01/31/21,-0.125
01/31/21,0.55
01/31/21,-0.1
01/31/21,0.13636363636363635
01/31/21,0.1
01/31/21,-0.1
01/31/21,0.17045454545454544
01/31/21,0.1
01/31/21,0.1
01/31/21,-0.1
01/31/21,0.25
01/31/21,0.4
01/31/21,0.13636363636363635
01/31/21,0.4
01/31/21,-0.125
01/31/21,0.1
01/31/21,0.05
01/31/21,0.13636363636363635
01/31/21,0.25
01/31/21,0.55
01/31/21,0.13636363636363635
01/31/21,-0.6
01/31/21,-0.125
01/31/21,-0.16666666666666666
01/31/21,0.5
01/31/21,0.04583333333333334
01/31/21,0.21428571428571427
01/31/21,0.5
01/31/21,0.2681818181818182
01/31/21,1.0
01/31/21,0.39285714285714285
01/31/21,0.35
01/31/21,0.0625
01/31/21,0.13636363636363635
01/31/21,0.13636363636363635
01/31/21,0.7
01/31/21,0.625
01/31/21,-0.26041666666666663
01/31/21,-0.1
01/31/21,0.625
01/31/21,0.09999999999999999
01/31/21,0.125
01/31/21,-0.125
01/31/21,0.1875
01/31/21,0.375
01/31/21,0.1
01/31/21,-0.16666666666666666
01/31/21,0.5
01/31/21,0.65
01/31/21,0.55
01/31/21,0.1
01/31/21,0.1
01/31/21,0.17045454545454544
01/31/21,-0.4
01/31/21,0.5
01/31/21,0.65
01/31/21,-0.125
01/31/21,0.25
01/31/21,0.12152777777777776
01/31/21,-0.30000000000000004
01/31/21,0.20625
01/31/21,0.1
01/31/21,-0.5
01/31/21,0.1
01/31/21,0.35
01/31/21,-0.05555555555555556
01/31/21,0.375
01/31/21,0.4
01/31/21,0.6
01/31/21,-0.11249999999999999
01/31/21,0.55
01/31/21,-0.16666666666666666
01/31/21,0.13636363636363635
01/31/21,0.1
01/31/21,1.0
01/31/21,-0.4
01/31/21,0.16666666666666666
01/31/21,0.31666666666666665
01/31/21,0.38333333333333336
01/31/21,0.5
01/31/21,0.25
01/31/21,0.1
01/31/21,0.15000000000000002
01/31/21,0.8
01/31/21,0.5
01/31/21,0.5
01/31/21,0.1
01/31/21,0.65
01/31/21,0.125
01/31/21,0.65
01/31/21,0.13636363636363635
01/31/21,-0.1
01/31/21,-0.4
01/31/21,0.25
01/31/21,0.25
01/31/21,0.65
01/31/21,0.43333333333333335
01/31/21,0.8333333333333334
01/31/21,-0.125
01/31/21,-0.05
01/31/21,0.13636363636363635
01/31/21,0.375
01/31/21,0.35
01/31/21,-0.015151515151515152
01/31/21,0.13636363636363635
01/31/21,0.1
01/31/21,0.35
01/31/21,0.65
01/31/21,-0.75
01/31/21,0.1
01/31/21,-0.1
01/31/21,0.1
01/31/21,0.21212121212121213
01/31/21,0.38666666666666666
01/31/21,-0.1
01/31/21,-0.1
01/31/21,-0.025
01/31/21,0.13636363636363635
01/31/21,0.65
01/31/21,0.13636363636363635
01/31/21,0.25
01/31/21,0.7
01/31/21,-0.16666666666666666
01/31/21,0.65
01/31/21,0.1
01/31/21,0.1
01/31/21,0.1
01/31/21,0.1
01/31/21,0.1
01/31/21,0.31666666666666665
01/31/21,0.5
01/31/21,-0.22111111111111112
01/31/21,0.13636363636363635
01/31/21,0.1
01/31/21,0.25
01/31/21,0.31666666666666665
01/31/21,0.65
01/31/21,0.25
01/31/21,0.1
01/31/21,0.13636363636363635
01/31/21,0.1
01/31/21,0.1
01/31/21,0.1
01/31/21,0.5
01/31/21,0.6000000000000001
01/31/21,0.25
01/31/21,-0.05
01/31/21,-0.1
01/31/21,0.41666666666666663
01/31/21,0.5
01/31/21,-0.4
01/31/21,0.18354978354978355
01/31/21,0.6
01/31/21,0.3333333333333333
01/31/21,-0.1
01/31/21,0.1
01/31/21,0.13636363636363635
01/31/21,0.19999999999999998
01/31/21,0.25
01/31/21,0.16818181818181818
01/31/21,0.02500000000000001
01/31/21,-0.13181818181818183
01/31/21,0.125
01/31/21,0.1
01/31/21,0.07083333333333335
01/31/21,0.13636363636363635
01/31/21,0.018181818181818174
01/31/21,-0.125
01/31/21,0.12301587301587302
01/31/21,-0.17676767676767677
01/31/21,0.35
01/31/21,0.375
01/31/21,0.25
01/31/21,-0.6166666666666666
01/31/21,-0.1
01/31/21,0.65
01/31/21,-0.18181818181818182
01/31/21,0.1
01/31/21,0.375
01/31/21,-0.1875
01/31/21,-0.0625
01/31/21,0.6000000000000001
01/31/21,0.1
01/31/21,0.625
01/31/21,0.1
01/31/21,0.018181818181818174
01/31/21,0.65
01/31/21,-0.1
01/31/21,0.18714285714285714
01/31/21,0.13636363636363635
01/31/21,0.1
01/31/21,0.8
01/31/21,0.1
01/31/21,-0.11249999999999999
01/31/21,0.1
01/31/21,0.1
01/31/21,0.25
01/31/21,0.1
01/31/21,0.7
01/31/21,-0.05
01/31/21,0.1
01/31/21,0.032738095238095205
01/31/21,0.1
01/31/21,0.4681818181818182
01/31/21,0.020833333333333336
01/31/21,0.125
01/31/21,0.5
01/31/21,0.26666666666666666
01/31/21,-0.09999999999999998
01/31/21,0.13636363636363635
01/31/21,-0.2
01/31/21,0.65
01/31/21,-1.0
01/31/21,0.13636363636363635
01/31/21,0.65
01/31/21,0.25
01/31/21,0.48333333333333334
01/31/21,0.1
01/31/21,0.2
01/31/21,-0.125
01/31/21,-0.1375
01/31/21,0.1
01/31/21,0.16
01/31/21,-0.16666666666666666
01/31/21,0.5
01/31/21,0.5
01/31/21,0.13636363636363635
01/31/21,1.0
01/31/21,0.7
01/31/21,0.26
01/31/21,-0.06818181818181818
01/31/21,0.8
01/31/21,-0.1875
01/31/21,0.375
01/31/21,0.605
01/31/21,0.5916666666666667
01/31/21,0.3181818181818181
01/31/21,0.375
01/31/21,1.0
01/31/21,0.08522727272727272
01/31/21,0.1
01/31/21,0.153125
01/31/21,0.35000000000000003
01/31/21,0.25
01/31/21,0.4
01/31/21,0.2
01/31/21,0.13636363636363635
01/31/21,0.16
01/31/21,-0.75
01/31/21,0.12499999999999999
01/31/21,-0.6999999999999998
01/31/21,0.13636363636363635
01/31/21,0.5
01/31/21,0.5444444444444444
01/31/21,0.65
01/31/21,0.25
01/31/21,0.1
01/31/21,0.5121212121212121
01/31/21,0.06818181818181818
01/31/21,0.1
01/31/21,0.65
01/31/21,0.12777777777777777
01/31/21,0.1
01/31/21,0.65
01/31/21,0.1
01/31/21,0.13636363636363635
01/31/21,0.1
01/31/21,0.2857142857142857
01/31/21,0.65
01/31/21,-1.0
01/31/21,-0.16666666666666666
01/31/21,0.1
01/31/21,0.2
01/31/21,0.25
01/31/21,0.25
01/31/21,0.65
01/31/21,0.45
01/31/21,0.8333333333333334
01/31/21,0.65
01/31/21,0.12777777777777777
01/31/21,0.225
01/31/21,0.18333333333333335
01/31/21,0.1866666666666667
01/31/21,0.25
01/31/21,0.1866666666666667
01/31/21,0.1866666666666667
01/31/21,-0.1
01/31/21,0.1866666666666667
01/31/21,0.1866666666666667
01/31/21,0.4
01/31/21,0.8
01/31/21,0.1866666666666667
01/31/21,0.375
01/31/21,0.1866666666666667
01/31/21,0.19999999999999998
01/31/21,0.7
01/31/21,0.1
01/31/21,0.6250000000000001
01/31/21,0.5
01/31/21,0.21212121212121213
01/31/21,-0.2
01/31/21,-0.07121212121212121
01/31/21,0.1
01/31/21,0.65
01/31/21,0.25
01/31/21,0.1
01/31/21,0.65
01/31/21,0.1
01/31/21,0.1
01/31/21,0.35
01/31/21,0.4000000000000001
01/31/21,0.1
01/31/21,0.16221590909090908
01/31/21,-0.1
01/31/21,0.1
01/31/21,0.25
01/31/21,-0.1625
01/31/21,0.35
01/31/21,0.5454545454545454
01/31/21,0.1
01/31/21,-0.16666666666666666
01/31/21,0.1
01/31/21,0.17424242424242423
01/31/21,-0.16666666666666666
01/31/21,0.06818181818181818
01/31/21,0.5
01/31/21,0.1
01/31/21,0.1
01/31/21,0.13636363636363635
01/31/21,0.1
01/31/21,0.35
01/31/21,0.31666666666666665
01/31/21,0.13636363636363635
01/31/21,0.1
01/31/21,0.65
01/31/21,-0.1
01/31/21,0.3181818181818181
01/31/21,0.25
01/31/21,0.17045454545454544
01/31/21,0.13636363636363635
01/31/21,0.5444444444444444
01/31/21,0.1
01/31/21,0.1
01/31/21,0.025714285714285717
01/31/21,0.1
01/31/21,0.1
01/31/21,-0.1
01/31/21,-0.06818181818181818
01/31/21,0.16
01/31/21,1.0
01/31/21,0.31666666666666665
01/31/21,0.65
01/31/21,0.25000000000000006
01/31/21,0.25
01/31/21,-0.4
01/31/21,0.65
01/31/21,0.25
01/31/21,0.125
01/31/21,0.1
01/31/21,0.5
01/31/21,0.6
01/31/21,0.1
01/31/21,0.1
01/31/21,0.1
01/31/21,0.13636363636363635
01/31/21,0.2777777777777778
01/31/21,1.0
01/31/21,0.25
01/31/21,0.1
01/31/21,-0.16666666666666666
01/31/21,0.1
01/31/21,0.375
01/31/21,0.15364583333333334
01/31/21,0.16666666666666666
01/31/21,0.1
01/31/21,0.13636363636363635
01/31/21,0.625
01/31/21,0.375
01/31/21,0.1
01/31/21,0.13636363636363635
01/31/21,0.35
01/31/21,0.31666666666666665
01/31/21,-0.16666666666666666
01/31/21,0.4
01/31/21,0.45
01/31/21,-0.06818181818181818
01/31/21,-0.11249999999999999
01/31/21,0.13636363636363635
01/31/21,0.31666666666666665
01/31/21,0.4
01/31/21,0.13636363636363635
01/31/21,0.4
01/31/21,-0.15000000000000002
01/31/21,0.1
01/31/21,0.5
01/31/21,0.23482142857142857
01/31/21,0.65
01/31/21,0.5
01/31/21,0.5
01/31/21,0.25
01/31/21,0.5
01/31/21,1.0
01/31/21,0.1
01/31/21,0.1
01/31/21,0.65
01/31/21,0.27
01/31/21,1.0
01/31/21,0.44999999999999996
01/31/21,0.05
01/31/21,0.9
01/31/21,0.1
01/31/21,0.1
01/31/21,-0.16666666666666666
01/31/21,0.13636363636363635
01/31/21,0.125
01/31/21,0.26666666666666666
01/31/21,0.46249999999999997
01/31/21,0.1
01/31/21,0.65
01/31/21,0.25
01/31/21,0.1
01/31/21,0.1
01/31/21,0.65
01/31/21,0.13636363636363635
01/31/21,0.1
01/31/21,0.25
01/31/21,0.13636363636363635
01/31/21,0.1
01/31/21,1.0
01/31/21,0.5454545454545454
02/04/21,-0.875
02/04/21,0.06818181818181818
02/04/21,0.5
02/04/21,0.26666666666666666
02/04/21,-0.25
02/04/21,0.5
02/04/21,0.4222222222222223
02/04/21,0.2
02/04/21,-0.15555555555555559
02/04/21,0.3499999999999999
02/04/21,-0.44999999999999996
02/04/21,-0.2
02/04/21,0.4375
02/04/21,0.225
02/04/21,0.12777777777777777
02/04/21,-0.7
02/04/21,1.0
02/04/21,0.16
02/04/21,-0.3333333333333333
02/04/21,0.6
02/04/21,-0.009595959595959616
02/04/21,0.7
02/04/21,0.5
02/04/21,0.1
02/04/21,0.3
02/04/21,-0.25
02/04/21,-0.1
02/04/21,-0.009595959595959616
02/04/21,0.09999999999999995
02/04/21,-0.4
02/04/21,-0.2
02/04/21,0.2
02/04/21,0.11666666666666665
02/04/21,0.014814814814814808
02/04/21,0.05
02/04/21,0.5333333333333333
02/04/21,-0.009595959595959616
02/04/21,0.04999999999999996
02/04/21,0.2
02/04/21,0.15
02/04/21,0.16666666666666666
02/04/21,0.6
02/04/21,0.21875
02/04/21,0.25
02/04/21,0.1845238095238095
02/04/21,-0.15
02/04/21,0.16666666666666669
02/04/21,-0.05555555555555555
02/04/21,0.13636363636363635
02/04/21,0.525
02/04/21,-0.15555555555555559
02/04/21,-0.29999999999999993
02/04/21,-0.05555555555555555
02/04/21,0.1708333333333333
02/04/21,0.16666666666666666
02/04/21,-0.05
02/04/21,1.0
02/04/21,0.4333333333333333
02/04/21,-0.15555555555555559
02/04/21,0.1
02/04/21,-0.07142857142857142
02/04/21,0.16666666666666666
02/04/21,0.8
02/04/21,0.2055194805194805
02/04/21,0.16666666666666666
02/04/21,-0.25625
02/04/21,0.503125
02/04/21,0.5625
02/04/21,0.55
02/04/21,0.1645021645021645
02/04/21,-0.3
02/04/21,-0.009595959595959616
02/04/21,-0.25
02/04/21,-0.3068181818181818
02/04/21,0.0625
02/04/21,-0.1277777777777778
02/04/21,-0.1
02/04/21,-0.07142857142857142
02/04/21,0.1
02/04/21,0.4666666666666666
02/04/21,-0.4375
02/04/21,0.2
02/04/21,-0.5
02/04/21,0.25
02/04/21,0.6000000000000001
02/04/21,-0.4
02/04/21,0.12693602693602693
02/04/21,1.0
02/04/21,0.875
02/04/21,-0.07142857142857142
02/04/21,0.1
02/04/21,0.2
02/04/21,0.8
02/04/21,-0.05555555555555555
02/04/21,-0.08333333333333333
02/04/21,0.225
02/04/21,0.1845238095238095
02/04/21,0.1
02/04/21,-0.06590909090909092
02/04/21,0.16666666666666666
02/04/21,0.05
02/04/21,1.0
02/04/21,0.65
02/04/21,0.225
02/04/21,-0.17500000000000002
02/04/21,0.4
02/04/21,0.25
02/04/21,-0.2916666666666667
02/04/21,-0.0638888888888889
02/04/21,0.5
02/04/21,0.1
02/04/21,0.6
02/04/21,0.16666666666666666
02/04/21,0.17291666666666666
02/04/21,0.25
02/04/21,0.35
02/04/21,-0.09999999999999999
02/04/21,0.375
02/04/21,0.5
02/04/21,0.21875
02/04/21,0.1
02/04/21,0.2068181818181818
02/04/21,0.2333333333333333
02/04/21,0.6
02/04/21,0.7333333333333334
02/04/21,0.4000000000000001
02/04/21,0.35
02/04/21,0.08
02/04/21,0.1
02/04/21,0.4
02/04/21,-0.01833333333333333
02/04/21,0.5
02/04/21,0.39999999999999997
02/04/21,0.045714285714285714
02/04/21,0.21875
02/04/21,0.4166666666666667
02/04/21,0.05952380952380952
02/04/21,-0.2
02/04/21,-0.21477272727272728
02/04/21,0.7
02/04/21,0.05
02/04/21,0.13636363636363635
02/04/21,0.5
02/04/21,-0.009595959595959616
02/04/21,0.1
02/04/21,-0.009595959595959616
02/04/21,0.325
02/04/21,0.13636363636363635
02/04/21,-0.1277777777777778
02/04/21,0.16666666666666669
02/04/21,-0.05555555555555555
02/04/21,0.045714285714285714
02/04/21,-0.05555555555555555
02/04/21,0.25
02/04/21,0.13636363636363635
02/04/21,0.1
02/04/21,0.2
02/04/21,0.1388888888888889
02/04/21,0.25
02/04/21,0.17045454545454544
02/04/21,0.6
02/04/21,0.35
02/04/21,-0.15454545454545457
02/04/21,0.13636363636363635
02/04/21,0.5
02/04/21,-0.2
02/04/21,0.19375
02/04/21,-0.05555555555555555
02/04/21,1.0
02/04/21,-0.009595959595959616
02/04/21,0.625
02/04/21,0.06818181818181818
02/04/21,0.1
02/04/21,-0.4124999999999999
02/04/21,-0.009595959595959616
02/04/21,0.465
02/04/21,-0.009595959595959616
02/04/21,0.7
02/04/21,0.590625
02/04/21,1.0
02/04/21,0.3148148148148148
02/04/21,0.05952380952380952
02/04/21,0.7
02/04/21,0.5
02/04/21,0.7
02/04/21,-0.6
02/04/21,0.590625
02/04/21,0.7
02/04/21,0.590625
02/04/21,0.3148148148148148
02/04/21,0.590625
02/04/21,0.3148148148148148
02/04/21,0.3148148148148148
02/04/21,0.2
02/04/21,0.2
02/04/21,1.0
02/04/21,0.475
02/04/21,0.5
02/04/21,0.43333333333333335
02/04/21,0.08727272727272728
02/04/21,0.16666666666666669
02/04/21,0.5
02/04/21,0.4
02/04/21,0.44999999999999996
02/04/21,-1.0
02/04/21,0.45
02/04/21,0.5
02/04/21,0.8
02/04/21,0.16666666666666666
02/04/21,-0.15555555555555559
02/04/21,-0.009595959595959616
02/04/21,0.1
02/04/21,0.1
02/04/21,0.06818181818181818
02/04/21,0.16666666666666666
02/04/21,0.25757575757575757
02/04/21,0.1
02/04/21,0.4
02/04/21,-0.6
02/04/21,1.0
02/04/21,0.33721590909090904
02/04/21,0.2556818181818182
02/04/21,-0.125
02/04/21,-0.05555555555555555
02/04/21,0.8
02/04/21,0.5
02/04/21,0.8
02/04/21,0.012500000000000011
02/04/21,0.5
02/04/21,0.5666666666666667
02/04/21,0.675
02/04/21,-0.4
02/04/21,-0.2
02/04/21,-0.43333333333333335
02/04/21,0.1
02/04/21,0.21666666666666665
02/04/21,0.13636363636363635
02/04/21,-0.009595959595959616
02/04/21,0.1845238095238095
02/04/21,0.25
02/04/21,-0.5
02/04/21,0.65
02/04/21,-0.009595959595959616
02/04/21,0.25
02/04/21,0.05952380952380952
02/04/21,0.9
02/04/21,-0.4
02/04/21,-0.009595959595959616
02/04/21,0.14285714285714285
02/04/21,1.0
02/04/21,0.3
02/04/21,0.25
02/04/21,0.1
02/04/21,1.0
02/04/21,0.1
02/04/21,0.25
02/04/21,0.5
02/04/21,0.8
02/04/21,0.5
02/04/21,0.014814814814814808
02/04/21,0.29464285714285715
02/04/21,0.3571428571428571
02/04/21,0.06818181818181818
02/04/21,0.6
02/04/21,0.4
02/04/21,0.325
02/04/21,0.16666666666666666
02/04/21,-0.15555555555555559
02/04/21,-0.7999999999999999
02/04/21,0.14285714285714285
02/04/21,0.18333333333333335
02/04/21,0.16666666666666669
02/04/21,0.5
02/04/21,0.2
02/04/21,0.6
02/04/21,-0.15454545454545457
02/04/21,0.4
02/04/21,1.0
02/04/21,0.125
02/04/21,0.1481818181818182
02/04/21,-0.15555555555555559
02/04/21,0.1
02/04/21,0.012500000000000011
02/04/21,0.28
02/04/21,0.27625
02/04/21,-0.325
02/04/21,0.4
02/04/21,0.65
02/04/21,-0.009595959595959616
02/04/21,0.25
02/04/21,0.16666666666666666
02/04/21,0.2
02/04/21,1.0
02/04/21,0.4
02/04/21,0.2
02/04/21,0.38
02/04/21,0.25
02/04/21,-0.016666666666666663
02/04/21,0.38482142857142854
02/04/21,0.25625
02/04/21,0.5333333333333333
02/04/21,0.13636363636363635
02/04/21,0.25
02/04/21,0.4000000000000001
02/04/21,-0.125
02/04/21,0.16666666666666666
02/04/21,-0.5
02/04/21,-0.1375
02/04/21,-0.009595959595959616
02/04/21,-0.25
02/04/21,-0.16666666666666666
02/04/21,0.014814814814814808
02/04/21,0.06818181818181818
02/04/21,0.6055555555555555
02/04/21,-0.05555555555555555
02/04/21,0.4
02/04/21,-0.25
02/04/21,0.4375
02/04/21,0.2
02/04/21,0.25
02/04/21,0.1
02/04/21,0.4
02/04/21,-0.15555555555555559
02/04/21,1.0
02/04/21,0.16818181818181818
02/04/21,0.4166666666666667
02/04/21,0.25
02/04/21,0.5
02/04/21,-0.07777777777777779
02/04/21,-0.08333333333333333
02/04/21,0.625
02/04/21,-0.009595959595959616
02/04/21,-0.15930735930735931
02/04/21,0.1
02/04/21,0.19999999999999998
02/04/21,0.225
02/04/21,0.225
02/04/21,0.6875
02/04/21,-0.6
02/04/21,0.12878787878787878
02/04/21,0.4
02/04/21,0.014814814814814808
02/04/21,0.20000000000000004
02/04/21,0.275
02/04/21,-1.0
02/04/21,0.25
02/04/21,-0.15625
02/04/21,0.234375
02/04/21,0.44285714285714284
02/04/21,-1.0
02/04/21,0.2
02/04/21,0.13636363636363635
02/04/21,0.1
02/04/21,-0.36388888888888893
02/04/21,0.1
02/04/21,0.3125
02/04/21,0.25
02/04/21,0.375
02/04/21,-0.125
02/04/21,0.16666666666666666
02/04/21,0.4
02/04/21,0.1845238095238095
02/04/21,0.21898148148148147
02/04/21,-0.15555555555555559
02/04/21,0.4068181818181818
02/04/21,0.5
02/04/21,0.4000000000000001
02/04/21,0.045714285714285714
02/04/21,0.02083333333333333
02/04/21,0.2
02/04/21,0.3
02/04/21,0.21428571428571427
02/04/21,0.275
02/04/21,0.4
02/04/21,-0.4
02/04/21,0.29545454545454547
02/04/21,0.21111111111111114
02/04/21,0.5
02/04/21,-0.8
02/04/21,0.06818181818181818
02/04/21,0.2888888888888889
02/04/21,0.5121212121212121
02/04/21,0.45
02/04/21,0.225
02/04/21,0.4000000000000001
02/04/21,-0.5
02/04/21,-0.05555555555555555
02/04/21,0.08
02/04/21,0.7
02/04/21,0.2
02/04/21,0.06818181818181818
02/04/21,-0.19999999999999998
02/04/21,0.1
02/04/21,0.3333333333333333
02/04/21,-0.03787878787878788
02/04/21,0.16666666666666666
02/04/21,0.13333333333333333
02/04/21,-0.16666666666666666
02/04/21,0.4222222222222222
02/04/21,0.04999999999999999
02/04/21,0.8
02/04/21,0.13636363636363635
02/04/21,0.09682539682539683
02/04/21,0.3333333333333333
02/04/21,0.375
02/04/21,0.13333333333333333
02/04/21,-0.05555555555555555
02/04/21,0.1
02/04/21,0.325
02/04/21,0.4068181818181818
02/04/21,0.26249999999999996
02/04/21,0.5
02/04/21,0.25
02/04/21,-0.3125
02/04/21,-0.25
02/04/21,0.05952380952380952
02/04/21,0.8
02/04/21,0.4000000000000001
02/04/21,-0.3
02/04/21,-0.009595959595959616
02/04/21,0.22727272727272727
02/04/21,-0.4
02/04/21,0.1
02/04/21,-0.05
02/04/21,-0.24621212121212122
02/04/21,0.16666666666666669
02/04/21,0.45
02/04/21,0.19318181818181818
02/04/21,0.525
02/04/21,-0.4318181818181818
02/04/21,0.45555555555555555
02/04/21,0.11666666666666668
02/04/21,0.325
02/04/21,0.34545454545454546
02/04/21,0.25
02/04/21,-0.025
02/04/21,0.5
02/04/21,-0.22499999999999992
02/04/21,0.2
02/04/21,0.2
02/04/21,-0.4
02/04/21,0.5
02/04/21,-0.009595959595959616
02/04/21,0.2055194805194805
02/04/21,0.28
02/04/21,0.15340909090909088
02/04/21,0.5
02/04/21,0.061904761904761886
02/04/21,0.13636363636363635
02/04/21,0.014814814814814808
02/04/21,-0.16666666666666666
02/04/21,0.4
02/04/21,0.625
02/04/21,0.21428571428571427
02/04/21,0.25
02/04/21,0.2857142857142857
02/04/21,0.625
02/04/21,0.19999999999999998
02/04/21,0.65
02/04/21,0.5
02/04/21,0.225
02/04/21,0.3333333333333333
02/04/21,0.25
02/04/21,0.4
02/04/21,0.17045454545454544
02/04/21,0.08333333333333333
02/04/21,0.45
02/04/21,0.41818181818181815
02/04/21,0.12222222222222223
02/04/21,-0.05555555555555555
02/04/21,-0.13181818181818183
02/04/21,0.5
02/04/21,0.3452380952380952
02/04/21,0.12693602693602693
02/04/21,0.35
02/04/21,-0.05555555555555555
02/04/21,-0.875
02/04/21,0.55
02/04/21,0.26666666666666666
02/04/21,0.225
02/04/21,0.3
02/04/21,0.5
02/04/21,0.03333333333333333
02/04/21,0.2857142857142857
02/04/21,0.1
02/04/21,1.0
02/04/21,0.33482142857142855
02/04/21,0.16666666666666666
02/04/21,0.41964285714285715
02/04/21,0.6
02/04/21,0.5
02/04/21,-0.07777777777777779
02/04/21,0.21428571428571427
02/04/21,0.13636363636363635
02/04/21,0.5
02/04/21,0.13636363636363635
02/04/21,-0.07777777777777779
02/04/21,0.35000000000000003
02/04/21,0.5
02/04/21,0.5
02/04/21,-0.1
02/04/21,0.4
02/04/21,0.2
02/04/21,-0.6999999999999998
02/04/21,0.45
02/04/21,-0.2
02/04/21,1.0
02/04/21,0.30000000000000004
02/04/21,-0.14583333333333334
02/04/21,0.16666666666666669
02/04/21,0.16666666666666666
02/04/21,-0.07777777777777779
02/04/21,0.2
02/04/21,-0.009595959595959616
02/04/21,0.35
02/04/21,-0.05555555555555555
02/04/21,0.4153409090909091
02/04/21,0.014814814814814808
02/04/21,-0.009595959595959616
02/04/21,0.375
02/04/21,-0.10000000000000002
02/04/21,0.3806818181818182
02/04/21,0.8
02/04/21,0.08
02/04/21,0.125
02/04/21,0.06818181818181818
02/04/21,0.4000000000000001
02/04/21,0.2
02/04/21,-0.16964285714285715
02/04/21,0.13636363636363635
02/04/21,-0.009595959595959616
02/04/21,0.4
02/04/21,-0.25
02/04/21,0.19318181818181818
02/04/21,0.1
02/04/21,-0.009595959595959616
02/04/21,0.48333333333333334
02/04/21,0.05833333333333333
02/04/21,0.16666666666666669
02/04/21,-0.16964285714285715
02/04/21,0.08191287878787878
02/04/21,-0.05555555555555555
02/04/21,-0.07142857142857142
02/04/21,0.10000000000000002
02/04/21,0.1845238095238095
02/04/21,0.5333333333333333
02/04/21,-0.05
02/04/21,0.5333333333333333
02/04/21,-0.125
02/04/21,0.26666666666666666
02/04/21,0.25
02/04/21,0.5666666666666668
02/04/21,0.28
02/04/21,-0.6
02/04/21,0.1
02/04/21,0.13636363636363635
02/04/21,0.21875
02/04/21,1.0
02/04/21,-0.5
02/04/21,0.35
02/04/21,0.875
02/04/21,0.35714285714285715
02/04/21,0.5
02/04/21,0.625
02/04/21,1.0
02/04/21,0.2
02/04/21,-0.125
02/04/21,0.05
02/04/21,0.6
02/04/21,0.012121212121212116
02/04/21,0.47901785714285716
02/04/21,-0.24621212121212122
02/04/21,0.05
02/04/21,0.35000000000000003
02/04/21,0.8
02/04/21,0.1
02/04/21,0.16666666666666669
02/04/21,0.014814814814814808
02/04/21,-0.2277777777777778
02/04/21,0.075
02/04/21,0.7
02/04/21,-0.125
02/04/21,0.16666666666666666
02/04/21,0.1
02/04/21,0.225
02/04/21,-0.3333333333333333
02/04/21,0.175
02/04/21,0.8
02/04/21,-0.09375
02/04/21,0.3333333333333333
02/04/21,0.16666666666666666
02/04/21,0.06904761904761904
02/04/21,0.13636363636363635
02/04/21,-0.4
02/04/21,0.13636363636363635
02/04/21,1.0
02/04/21,0.3181818181818182
02/04/21,0.08333333333333333
02/04/21,-0.15555555555555559
02/04/21,0.25
02/04/21,0.5
02/04/21,-1.0
02/04/21,-0.875
02/04/21,0.13636363636363635
02/04/21,-0.009595959595959616
02/04/21,-0.0892857142857143
02/04/21,0.3
02/04/21,-0.02777777777777779
02/04/21,0.55
02/04/21,0.2
02/04/21,-0.05
02/04/21,1.0
02/04/21,0.14285714285714285
02/04/21,0.265625
02/04/21,0.5
02/04/21,-0.4
02/04/21,0.4
02/04/21,-0.20833333333333331
02/04/21,0.39999999999999997
02/04/21,-0.6
02/04/21,0.12878787878787878
02/04/21,0.0625
02/04/21,0.2333333333333333
02/04/21,0.45
02/04/21,-0.7
02/04/21,0.16666666666666666
02/04/21,0.5
02/04/21,-0.05555555555555555
02/04/21,-0.075
02/04/21,0.05
02/04/21,0.16666666666666666
02/04/21,0.5
02/04/21,-0.10000000000000002
02/04/21,0.21212121212121213
02/04/21,0.1472222222222222
02/04/21,-0.15555555555555559
02/04/21,0.21666666666666667
02/04/21,0.25
02/04/21,0.16666666666666666
02/04/21,-0.16666666666666666
02/04/21,0.2
02/04/21,0.55
02/04/21,-0.1875
02/04/21,0.22443181818181818
02/04/21,0.5
02/04/21,-0.25
02/04/21,0.2583333333333333
02/04/21,-0.2
02/04/21,0.503125
02/04/21,0.503125
02/04/21,0.29000000000000004
02/04/21,0.05000000000000002
02/04/21,0.6
02/04/21,0.21212121212121213
02/04/21,-0.05
02/04/21,0.25
02/04/21,0.13333333333333333
02/04/21,-0.1
02/04/21,0.35714285714285715
02/04/21,0.13636363636363635
02/04/21,0.13636363636363635
02/04/21,0.35
02/04/21,-0.009595959595959616
02/04/21,0.19999999999999998
02/04/21,0.09999999999999998
02/04/21,0.13636363636363635
02/04/21,0.625
02/04/21,0.2
02/04/21,0.13636363636363635
02/04/21,0.15000000000000002
02/04/21,-0.875
02/04/21,0.3
02/04/21,0.045714285714285714
02/04/21,0.13636363636363635
02/04/21,0.8
02/04/21,0.4
02/04/21,-0.05555555555555555
02/04/21,-0.04999999999999999
02/04/21,0.014814814814814808
02/04/21,0.325
02/04/21,0.2
02/04/21,-0.10000000000000002
02/04/21,0.13636363636363635
02/04/21,-0.009595959595959616
02/04/21,0.1875
02/04/21,0.175
02/04/21,0.25
02/04/21,-0.1875
02/04/21,0.2
02/04/21,0.1
02/04/21,-0.20833333333333331
02/04/21,-0.0625
02/04/21,-0.1
02/04/21,0.13636363636363635
02/04/21,-0.006249999999999999
02/04/21,0.5
02/04/21,0.21875
02/04/21,0.16666666666666666
02/04/21,-0.25
02/04/21,0.31666666666666665
02/04/21,0.21875
02/04/21,-0.03181818181818183
02/04/21,0.2
02/04/21,0.2333333333333333
02/04/21,0.1
02/04/21,-0.4
02/04/21,0.3333333333333333
02/04/21,0.4
02/04/21,-0.125
02/04/21,0.5
02/04/21,-0.3
02/04/21,-0.009595959595959616
02/04/21,-0.21875
02/04/21,0.5
02/04/21,1.0
02/04/21,0.25
02/04/21,0.3
02/04/21,0.25
02/04/21,0.25
02/04/21,0.20625000000000004
02/04/21,-0.15555555555555559
02/04/21,0.21875
02/04/21,0.125
02/04/21,-0.15
02/04/21,0.31666666666666665
02/04/21,-0.05555555555555555
02/04/21,0.2
02/04/21,-0.13333333333333333
02/04/21,0.1
02/04/21,0.46875
02/04/21,0.35
02/04/21,-0.5
02/04/21,0.5
02/04/21,0.8
02/04/21,0.43333333333333335
02/04/21,0.3181818181818182
02/04/21,-0.0125
02/04/21,0.5
02/04/21,0.16666666666666666
02/04/21,0.5
02/04/21,0.03333333333333333
02/04/21,0.5
02/04/21,-0.4
02/04/21,0.125
02/04/21,0.16666666666666666
02/04/21,0.7
02/04/21,0.475
02/04/21,0.3333333333333333
02/04/21,1.0
02/04/21,0.1
02/04/21,0.16666666666666666
02/04/21,-0.07777777777777779
02/04/21,0.35
02/04/21,0.13636363636363635
02/04/21,0.4625
02/04/21,0.03333333333333333
02/04/21,0.25
02/04/21,0.2
02/04/21,0.5
02/04/21,0.4122159090909091
02/04/21,0.2
02/04/21,0.3333333333333333
02/04/21,0.3
02/04/21,0.5
02/04/21,1.0
02/04/21,0.75
02/04/21,0.2
02/04/21,0.175
02/04/21,0.16666666666666666
02/04/21,0.7
02/04/21,0.06818181818181818
02/04/21,0.21898148148148147
02/04/21,0.25333333333333335
02/04/21,0.4000000000000001
02/04/21,0.033333333333333326
02/04/21,0.26633522727272724
02/04/21,0.4
02/04/21,-0.009595959595959616
02/04/21,0.1
02/04/21,-0.13
02/04/21,0.15000000000000002
02/04/21,-0.125
02/04/21,0.8
02/04/21,0.4
02/04/21,0.4
02/04/21,0.7
02/04/21,-0.07777777777777779
02/04/21,0.2681818181818182
02/04/21,0.25
02/04/21,-0.3
02/04/21,0.1
02/04/21,0.35
02/04/21,0.35714285714285715
02/04/21,0.5
02/04/21,0.7
02/04/21,0.25
02/04/21,-0.6999999999999998
02/04/21,-0.4
02/04/21,-0.5
02/04/21,0.16666666666666666
02/04/21,-0.15555555555555559
02/04/21,0.045714285714285714
02/04/21,-0.15
02/04/21,-0.5
02/04/21,0.16666666666666666
02/04/21,0.2055194805194805
02/04/21,0.4375
02/04/21,0.08125
02/04/21,-0.7
02/04/21,0.2
02/04/21,-0.25
02/04/21,-0.2
02/04/21,0.16666666666666666
02/04/21,0.45
02/04/21,0.5
02/04/21,0.13636363636363635
02/04/21,-0.43333333333333335
02/04/21,0.5
02/04/21,0.4000000000000001
02/04/21,0.014814814814814808
02/04/21,0.5852272727272727
02/04/21,0.2
02/04/21,0.4
02/04/21,-0.009595959595959616
02/04/21,-0.125
02/04/21,0.25
02/04/21,0.16
02/04/21,0.13636363636363635
02/04/21,0.1845238095238095
02/04/21,0.5
02/04/21,0.48333333333333334
02/04/21,0.05952380952380952
02/04/21,0.15
02/04/21,0.3814814814814815
02/04/21,0.5837662337662337
02/04/21,-0.009595959595959616
02/04/21,0.35
02/04/21,0.5
02/04/21,-0.1
02/04/21,0.25
02/04/21,-0.22499999999999998
02/04/21,0.6
02/04/21,0.625
02/04/21,-0.125
02/04/21,0.13636363636363635
02/04/21,0.21875
02/04/21,-0.22222222222222224
02/04/21,0.16666666666666666
02/04/21,0.25416666666666665
02/04/21,0.55
02/04/21,-0.3
02/04/21,0.37878787878787873
02/04/21,0.2
02/04/21,-0.25
02/04/21,-0.15555555555555559
02/04/21,0.5
02/04/21,0.25
02/04/21,0.5916666666666667
02/04/21,0.5
02/04/21,0.03333333333333333
02/04/21,0.3181818181818182
02/04/21,0.225
02/04/21,0.04999999999999999
02/04/21,-0.16666666666666666
02/04/21,-0.3
02/04/21,0.35
02/04/21,-0.009595959595959616
02/04/21,0.5
02/04/21,-0.16666666666666666
02/04/21,0.375
02/04/21,-0.07291666666666667
02/04/21,-0.013333333333333336
02/04/21,0.5
02/04/21,-0.009595959595959616
02/04/21,0.2681818181818182
02/04/21,-0.15000000000000002
02/04/21,0.4
02/04/21,0.1845238095238095
02/04/21,0.16666666666666666
02/04/21,0.5
02/04/21,0.5
02/04/21,-0.009595959595959616
02/04/21,-0.009595959595959616
02/04/21,0.625
02/04/21,0.25
02/04/21,-0.15625
02/04/21,0.014814814814814808
02/04/21,0.21666666666666665
02/04/21,-0.525
02/04/21,-0.08333333333333333
02/04/21,-0.15
02/04/21,-0.009595959595959616
02/04/21,0.4222222222222222
02/04/21,-0.05
02/04/21,0.4000000000000001
02/04/21,0.6
02/04/21,-0.05
02/04/21,-0.25
02/04/21,0.46875
02/04/21,0.22499999999999998
02/04/21,0.13636363636363635
02/04/21,0.1845238095238095
02/04/21,0.2
02/04/21,-0.1875
02/04/21,0.175
02/04/21,0.4068181818181818
02/04/21,0.16666666666666666
02/04/21,0.125
02/04/21,0.4
02/04/21,0.40208333333333335
02/04/21,0.19318181818181818
02/04/21,-0.05555555555555555
02/04/21,0.15000000000000002
02/04/21,0.6
02/04/21,0.175
02/04/21,-0.07777777777777779
02/04/21,0.25
02/04/21,-0.3
02/04/21,0.25
02/04/21,0.25
02/04/21,0.25
02/04/21,0.45
02/04/21,0.25
02/04/21,-0.2
02/04/21,0.13636363636363635
02/04/21,0.25
02/04/21,0.25
02/04/21,0.4000000000000001
02/04/21,0.5
02/04/21,0.35
02/04/21,0.2
02/04/21,0.16666666666666666
02/04/21,0.8
02/04/21,-0.15625
02/04/21,-0.16666666666666666
02/04/21,0.5
02/04/21,0.2
02/04/21,-0.75
02/04/21,0.014814814814814808
02/04/21,0.06904761904761904
02/04/21,0.13636363636363635
02/04/21,0.15000000000000002
02/04/21,0.4000000000000001
02/04/21,-0.6
02/04/21,0.2
02/04/21,0.3
02/04/21,0.13636363636363635
02/04/21,0.37878787878787873
02/04/21,-0.26666666666666666
02/04/21,0.10909090909090907
02/04/21,0.4375
02/04/21,0.5
02/04/21,-0.07777777777777779
02/04/21,0.1845238095238095
02/04/21,0.13636363636363635
02/04/21,-0.012500000000000011
02/04/21,0.45
02/04/21,0.2888888888888889
02/04/21,0.06904761904761904
02/04/21,0.4472727272727274
02/04/21,0.06666666666666667
02/04/21,1.0
02/04/21,0.175
02/04/21,-0.1
02/04/21,0.2333333333333333
02/04/21,-0.13499999999999998
02/04/21,0.2
02/04/21,0.11875
02/04/21,0.3
02/04/21,0.525
02/04/21,-0.05
02/04/21,0.15
02/04/21,0.5
02/04/21,-0.03125
02/04/21,0.8
02/04/21,0.39285714285714285
02/04/21,1.0
02/04/21,1.0
02/04/21,1.0
02/04/21,0.65
02/04/21,0.5
02/04/21,0.4
02/04/21,0.25
02/04/21,0.2
02/04/21,-0.3
02/04/21,0.24444444444444444
02/04/21,0.13636363636363635
02/04/21,0.05
02/04/21,-0.125
02/04/21,-0.009999999999999998
02/04/21,0.25
02/04/21,0.06818181818181818
02/04/21,0.16666666666666666
02/04/21,-0.9
02/04/21,0.25
02/04/21,0.25
02/04/21,0.7
02/04/21,0.425
02/04/21,-0.1277777777777778
02/04/21,0.2
02/04/21,0.6055555555555555
02/04/21,0.21428571428571427
02/04/21,-0.03986291486291486
02/04/21,0.7
02/04/21,-0.2
02/04/21,-0.05555555555555555
02/04/21,0.3472727272727273
02/04/21,-0.2916666666666667
02/04/21,0.19722222222222227
02/04/21,0.53
02/04/21,0.25
02/04/21,-0.375
02/04/21,0.21214285714285713
02/04/21,0.1845238095238095
02/04/21,0.06818181818181818
02/04/21,0.16818181818181818
02/04/21,0.03333333333333333
02/04/21,-0.4
02/04/21,0.35
02/04/21,0.9765625
02/04/21,0.6333333333333333
02/04/21,0.21875
02/04/21,0.125
02/04/21,0.5590909090909091
02/04/21,-0.009595959595959616
02/04/21,-0.04999999999999993
02/04/21,0.5
02/04/21,-0.1611111111111111
02/04/21,-0.3
02/04/21,0.16818181818181818
02/04/21,-0.8
02/04/21,0.3
02/04/21,0.6
02/04/21,-0.1875
02/04/21,0.37878787878787873
02/04/21,0.13333333333333333
02/04/21,0.16
02/04/21,-0.05555555555555555
02/04/21,0.5
02/04/21,0.8
02/04/21,0.25
02/04/21,-0.4
02/04/21,-0.009595959595959616
02/04/21,0.014814814814814808
02/04/21,0.44166666666666665
02/04/21,-0.14027777777777778
02/04/21,0.13636363636363635
02/04/21,-0.2916666666666667
02/04/21,0.5
02/04/21,0.13636363636363635
02/04/21,0.65
02/04/21,-0.5
02/04/21,0.16944444444444443
02/04/21,0.6
02/04/21,-0.009595959595959616
02/04/21,0.16666666666666666
02/04/21,0.25
02/04/21,-0.4
02/04/21,0.2556818181818182
02/04/21,-0.3
02/04/21,0.7
02/04/21,-0.43333333333333335
02/04/21,0.06818181818181818
02/04/21,0.16
02/04/21,-0.2916666666666667
02/04/21,-0.2916666666666667
02/04/21,0.65
02/04/21,0.75
02/04/21,0.25
02/04/21,-0.3125
02/04/21,-0.009595959595959616
02/04/21,0.16666666666666666
02/04/21,0.32499999999999996
02/04/21,-0.009595959595959616
02/04/21,-0.05
02/04/21,0.13636363636363635
02/04/21,0.04545454545454545
02/04/21,0.35
02/04/21,0.13636363636363635
02/04/21,-0.15555555555555559
02/04/21,-0.125
02/04/21,0.3333333333333333
02/04/21,0.13428571428571429
02/04/21,1.0
02/04/21,0.25
02/04/21,0.6
02/04/21,0.45
02/04/21,0.1845238095238095
02/04/21,0.8
02/04/21,0.25
02/04/21,-0.05555555555555555
02/04/21,0.12222222222222222
02/04/21,-0.05
02/04/21,0.09999999999999999
02/04/21,0.5
02/04/21,0.375
02/04/21,0.35
02/04/21,0.5
02/04/21,0.13636363636363635
02/04/21,0.4375
02/04/21,0.030303030303030304
02/04/21,0.5875
02/04/21,0.25
02/04/21,0.1
02/04/21,0.25
02/04/21,-0.09375
02/04/21,0.15
02/04/21,0.625
02/04/21,0.5
02/04/21,0.5316666666666667
02/04/21,-0.020833333333333332
02/04/21,0.030000000000000006
02/04/21,0.6
02/04/21,1.0
02/04/21,-1.0
02/04/21,-0.2
02/04/21,-0.15555555555555559
02/04/21,0.4375
02/04/21,0.4340909090909091
02/04/21,1.0
02/04/21,0.1845238095238095
02/04/21,0.06666666666666667
02/04/21,0.8
02/04/21,0.45
02/04/21,-0.4
02/04/21,0.375
02/04/21,0.25
02/04/21,-0.006249999999999999
02/04/21,0.05
02/04/21,0.375
02/04/21,1.0
02/04/21,-0.16666666666666666
02/04/21,-0.5
02/04/21,-0.009595959595959616
02/04/21,0.21428571428571427
02/04/21,-0.05555555555555555
02/04/21,0.21428571428571427
02/04/21,0.15416666666666665
02/04/21,-0.009595959595959616
02/04/21,0.5333333333333333
02/04/21,0.2
02/04/21,0.21428571428571427
02/04/21,-0.13181818181818183
02/04/21,-0.05555555555555555
02/04/21,1.0
02/04/21,0.478125
02/04/21,0.1065340909090909
02/04/21,0.3
02/04/21,0.35
02/04/21,0.5
02/04/21,0.5
02/04/21,0.1
02/04/21,0.21875
02/04/21,0.03611111111111111
02/04/21,0.1
02/04/21,0.625
02/04/21,0.26
02/04/21,0.3333333333333333
02/04/21,-0.1
02/04/21,0.325
02/04/21,-0.24583333333333335
02/04/21,0.3181818181818182
02/04/21,0.4
02/04/21,-0.5
02/04/21,-0.25
02/04/21,-0.03986291486291486
02/04/21,0.16666666666666666
02/04/21,0.5
02/04/21,-0.1
02/04/21,0.5
02/04/21,-0.20277777777777778
02/04/21,0.05
02/04/21,0.875
02/04/21,0.6666666666666666
02/04/21,-0.03333333333333333
02/04/21,-0.13333333333333333
02/04/21,0.13636363636363635
02/04/21,-0.875
02/04/21,0.05
02/04/21,0.13636363636363635
02/04/21,0.5
02/04/21,0.2
02/04/21,0.1
02/04/21,0.35
02/04/21,0.375
02/04/21,0.3333333333333333
02/04/21,0.2888888888888889
02/04/21,0.3472727272727273
02/04/21,-0.5208333333333334
02/04/21,0.40208333333333335
02/04/21,0.27625
02/04/21,-0.05555555555555555
02/04/21,0.5
02/04/21,-0.15000000000000002
02/04/21,0.21103896103896103
02/04/21,0.14285714285714285
02/04/21,0.1
02/04/21,-0.875
02/04/21,0.625
02/04/21,0.2
02/04/21,0.05
02/04/21,0.2
02/04/21,0.16666666666666666
02/04/21,0.5
02/04/21,-0.15555555555555559
02/04/21,0.31250000000000006
02/04/21,0.4
02/04/21,-0.15555555555555559
02/04/21,0.2
02/04/21,0.13333333333333333
02/04/21,0.13636363636363635
02/04/21,-0.15555555555555559
02/04/21,0.5
02/04/21,-0.3125
02/04/21,-0.3
02/04/21,-0.24583333333333335
02/04/21,0.3340909090909091
02/04/21,0.045714285714285714
02/04/21,0.16666666666666666
02/04/21,-0.03111111111111109
02/04/21,0.13636363636363635
02/04/21,-0.15555555555555559
02/04/21,-0.375
02/04/21,-0.05555555555555555
02/04/21,0.16666666666666666
02/04/21,-0.04999999999999999
02/04/21,0.15
02/04/21,0.06818181818181818
02/04/21,-0.4
02/04/21,0.16666666666666669
02/04/21,0.17500000000000002
02/04/21,0.25
02/04/21,-0.009595959595959616
02/04/21,0.2055194805194805
02/04/21,-0.009595959595959616
02/04/21,-0.275
02/04/21,0.4
02/04/21,-1.0
02/04/21,0.44166666666666665
02/04/21,0.375
02/04/21,0.2
02/04/21,-0.09999999999999998
02/04/21,-0.3
02/04/21,0.7
02/04/21,-0.009595959595959616
02/04/21,0.05
02/04/21,0.4
02/04/21,1.0
02/04/21,0.5
02/04/21,0.35714285714285715
02/04/21,0.2
02/04/21,-0.009595959595959616
02/04/21,0.5416666666666666
02/04/21,0.4
02/04/21,-0.1
02/04/21,0.2
02/04/21,-0.05555555555555555
02/04/21,0.03333333333333333
02/04/21,-0.05
02/04/21,-0.3
02/04/21,-0.125
02/04/21,0.3
02/04/21,0.04999999999999999
02/04/21,0.5
02/04/21,0.5
02/04/21,0.1
02/04/21,-0.11666666666666665
02/04/21,0.0638888888888889
02/04/21,0.13636363636363635
02/04/21,0.1
02/04/21,0.2
02/04/21,0.5
02/04/21,-0.1
02/04/21,0.5
02/04/21,-0.5583333333333333
02/04/21,0.25
02/04/21,0.21999999999999997
02/04/21,0.2
02/04/21,-0.2
02/04/21,0.16666666666666666
02/04/21,0.10416666666666667
02/04/21,0.8
02/04/21,0.09999999999999999
02/04/21,-0.16666666666666666
02/04/21,0.4
02/04/21,0.5
02/04/21,-0.009595959595959616
02/04/21,-0.16964285714285715
02/04/21,-0.07142857142857142
02/04/21,-0.071875
02/04/21,0.4
02/04/21,-0.24621212121212122
02/04/21,-0.10555555555555556
02/04/21,0.2055194805194805
02/04/21,0.8
02/04/21,0.8
02/04/21,0.2
02/04/21,0.3875
02/04/21,-0.8
02/04/21,0.1
02/04/21,0.014814814814814808
02/04/21,-0.009595959595959616
02/04/21,0.6
02/04/21,0.4000000000000001
02/04/21,-0.3333333333333333
02/04/21,0.025000000000000005
02/04/21,0.5
02/04/21,0.13636363636363635
02/04/21,0.5
02/04/21,0.04545454545454545
02/04/21,0.478125
02/04/21,0.3499999999999999
02/04/21,0.26666666666666666
02/04/21,0.30000000000000004
02/04/21,0.5
02/04/21,0.5859375
02/04/21,0.014814814814814808
02/04/21,-0.25000000000000006
02/04/21,-0.009595959595959616
02/04/21,0.014814814814814808
02/04/21,-0.009595959595959616
02/04/21,0.4
02/04/21,0.1845238095238095
02/04/21,-0.6999999999999998
02/04/21,-0.3
02/04/21,0.06666666666666667
02/04/21,-1.0
02/04/21,0.1
02/04/21,-0.3166666666666667
02/04/21,-0.05555555555555555
02/04/21,0.4
02/04/21,-0.20000000000000004
02/04/21,0.13636363636363635
02/04/21,0.4
02/04/21,0.13636363636363635
02/04/21,0.13636363636363635
02/04/21,0.04166666666666666
02/04/21,0.7
02/04/21,0.16666666666666669
02/04/21,0.8
02/04/21,0.5
02/04/21,0.12301587301587302
02/04/21,-1.0
02/04/21,0.44999999999999996
02/04/21,0.7
02/04/21,-0.875
02/04/21,0.2055194805194805
02/04/21,0.4
02/04/21,0.35
02/04/21,1.0
02/04/21,0.15000000000000002
02/04/21,1.0
02/04/21,1.0
02/04/21,0.9
02/04/21,0.6
02/04/21,-0.08333333333333333
02/04/21,0.16666666666666666
02/04/21,-0.6
02/04/21,0.46875
02/04/21,0.05
02/04/21,-0.1
02/04/21,0.3666666666666667
02/04/21,0.7
02/04/21,0.3757575757575758
02/04/21,0.21666666666666667
02/04/21,0.5
02/04/21,0.5
02/04/21,0.13636363636363635
02/04/21,-0.15555555555555559
02/04/21,0.3181818181818182
02/04/21,-0.05555555555555555
02/04/21,0.014814814814814808
02/04/21,-0.16666666666666666
02/04/21,-0.009595959595959616
02/04/21,-0.05000000000000001
02/04/21,0.4
02/04/21,0.1
02/04/21,0.21875
02/04/21,0.4
02/04/21,-0.05555555555555555
02/04/21,-1.0
02/04/21,-0.075
02/04/21,0.5
02/04/21,-0.009595959595959616
02/04/21,-0.4
02/04/21,0.11818181818181818
02/04/21,0.65
02/04/21,0.375
02/04/21,0.4222222222222222
02/04/21,-0.13333333333333333
02/04/21,0.2
02/04/21,0.5
02/04/21,0.4
02/04/21,0.13636363636363635
02/04/21,0.23611111111111113
02/04/21,-0.09999999999999998
02/04/21,-0.009595959595959616
02/04/21,0.1
02/04/21,0.22499999999999998
02/04/21,-0.05
02/04/21,0.33125
02/04/21,-0.1
02/04/21,0.08333333333333333
02/04/21,0.2333333333333333
02/04/21,-0.16666666666666666
02/04/21,0.43333333333333335
02/04/21,1.0
02/04/21,1.0
02/04/21,0.2
02/04/21,0.5
02/04/21,-0.020227272727272715
02/04/21,0.225
02/04/21,-0.09047619047619049
02/04/21,0.1875
02/04/21,0.2
02/04/21,-0.10714285714285715
02/04/21,-0.16666666666666666
02/04/21,-0.26875
02/04/21,0.5
02/04/21,-0.375
02/04/21,0.2
02/04/21,0.18571428571428572
02/04/21,0.2814814814814815
02/04/21,-0.15555555555555559
02/04/21,-0.6
02/04/21,0.13636363636363635
02/04/21,-0.24621212121212122
02/04/21,0.5
02/04/21,0.35833333333333334
02/04/21,-0.125
02/04/21,1.0
02/04/21,-0.07777777777777779
02/04/21,-0.23402777777777778
02/04/21,-0.125
02/04/21,0.225
02/04/21,0.7
02/04/21,0.25
02/04/21,1.0
02/04/21,0.625
02/04/21,-0.07777777777777779
02/04/21,-0.08333333333333333
02/04/21,0.16666666666666666
02/04/21,-0.875
02/04/21,0.3125
02/04/21,-0.05555555555555555
02/04/21,0.2
02/04/21,-0.125
02/04/21,0.25
02/04/21,0.5
02/04/21,-0.009595959595959616
02/04/21,0.21875
02/04/21,0.16666666666666669
02/04/21,0.1845238095238095
02/04/21,0.13636363636363635
02/04/21,0.04166666666666666
02/04/21,0.43333333333333335
02/04/21,1.0
02/04/21,0.2
02/04/21,0.4
02/04/21,-1.0
02/04/21,0.2
02/04/21,0.1
02/04/21,-0.05555555555555555
02/04/21,0.16666666666666666
02/04/21,-0.4
02/04/21,-0.19375
02/04/21,-0.009595959595959616
02/04/21,0.375
02/04/21,0.8
02/04/21,0.8
02/04/21,-0.9166666666666666
02/04/21,0.5
02/04/21,0.3
02/04/21,0.2556818181818182
02/04/21,-0.05555555555555555
02/04/21,-0.09166666666666667
02/04/21,-0.225
02/04/21,0.24393939393939396
02/04/21,-0.05555555555555555
02/04/21,-0.05555555555555555
02/04/21,0.5
02/04/21,0.13333333333333333
02/04/21,1.0
02/04/21,0.3
02/04/21,0.5
02/04/21,0.1898148148148148
02/04/21,0.25
02/04/21,0.2
02/04/21,0.175
02/04/21,-0.5
02/04/21,0.2
02/04/21,0.3333333333333333
02/04/21,0.5
02/04/21,-0.05555555555555555
02/04/21,0.18333333333333335
02/04/21,-0.875
02/04/21,-0.025
02/04/21,-0.5
02/04/21,-0.5
02/04/21,-0.4
02/04/21,0.1285714285714286
02/04/21,0.9
02/04/21,0.125
02/04/21,0.16666666666666666
02/04/21,-0.05555555555555555
02/04/21,-0.24621212121212122
02/04/21,0.1
02/04/21,0.1845238095238095
02/04/21,0.13636363636363635
02/04/21,0.21875
02/04/21,0.25
02/04/21,0.2222222222222222
02/04/21,0.7
02/04/21,-0.009595959595959616
02/04/21,-0.875
02/04/21,0.8
02/04/21,0.5
02/04/21,0.5
02/04/21,0.39453125
02/04/21,0.26875
02/04/21,-0.15
02/04/21,0.36266233766233763
02/04/21,0.5
02/04/21,0.225
02/04/21,0.2333333333333333
02/04/21,0.2
02/04/21,0.484375
02/04/21,-0.041666666666666664
02/04/21,0.26666666666666666
02/04/21,0.35000000000000003
02/04/21,0.06818181818181818
02/04/21,0.15625
02/04/21,0.4
02/04/21,0.1
02/04/21,0.14166666666666666
02/04/21,0.2
02/04/21,-1.0
02/04/21,0.08
02/04/21,0.30000000000000004
02/04/21,0.15000000000000002
02/04/21,0.08253968253968254
02/04/21,0.41666666666666663
02/04/21,0.24722222222222223
02/04/21,0.1875
02/04/21,0.13636363636363635
02/04/21,-0.25
02/04/21,0.1
02/04/21,0.325
02/04/21,-0.08333333333333333
02/04/21,-0.875
02/04/21,-0.25
02/04/21,0.5
02/04/21,-0.1
02/04/21,0.1
02/04/21,0.13636363636363635
02/04/21,0.21875
02/04/21,0.4
02/04/21,0.5833333333333334
02/04/21,0.5
02/04/21,0.14727272727272728
02/04/21,-0.009595959595959616
02/04/21,0.2
02/04/21,-0.009595959595959616
02/04/21,0.1
02/04/21,0.7
02/04/21,0.014814814814814808
02/04/21,0.04545454545454545
02/04/21,0.26666666666666666
02/04/21,0.5
02/04/21,-0.3
02/04/21,0.06818181818181818
02/04/21,0.3
02/04/21,0.07708333333333334
02/04/21,0.6333333333333333
02/04/21,0.8
02/04/21,-0.875
02/04/21,0.10909090909090907
02/04/21,0.8
02/04/21,0.11666666666666668
02/04/21,-0.009595959595959616
02/04/21,0.13636363636363635
02/04/21,0.13636363636363635
02/04/21,0.2
02/04/21,0.16666666666666666
02/04/21,-0.15555555555555559
02/04/21,0.13636363636363635
02/04/21,0.5
02/04/21,0.5
02/04/21,0.3376623376623376
02/04/21,-0.15
02/04/21,0.08
02/04/21,0.5
02/04/21,0.25
02/04/21,-0.2357142857142857
02/04/21,0.25
02/04/21,0.46875
02/04/21,-0.16666666666666666
02/04/21,0.9
02/04/21,0.5
02/04/21,0.2
02/04/21,0.25
02/04/21,0.15
02/04/21,-0.041666666666666664
02/04/21,0.1845238095238095
02/04/21,0.19999999999999998
02/04/21,-0.03986291486291486
02/04/21,0.5
02/04/21,0.4
02/04/21,-0.07777777777777779
02/04/21,0.5
02/04/21,0.5
02/04/21,0.25
02/04/21,-0.5
02/04/21,-0.004761904761904763
02/04/21,0.13636363636363635
02/04/21,0.2681818181818182
02/04/21,0.475
02/04/21,0.13333333333333333
02/04/21,-0.24583333333333335
02/04/21,-0.05555555555555555
02/04/21,-0.16666666666666666
02/04/21,0.2
02/04/21,0.8
02/04/21,-0.009595959595959616
02/04/21,0.7
02/04/21,0.06666666666666671
02/04/21,0.1845238095238095
02/04/21,-0.5
02/04/21,0.5
02/04/21,0.057142857142857134
02/04/21,0.3125
02/04/21,0.1
02/04/21,0.5852272727272727
02/04/21,0.2333333333333333
02/04/21,-0.09999999999999998
02/04/21,0.25
02/04/21,0.29666666666666663
02/04/21,0.35
02/04/21,0.625
02/04/21,0.625
02/04/21,0.25
02/04/21,0.225
02/04/21,0.1
02/04/21,0.25
02/04/21,0.25
02/04/21,0.17777777777777778
02/04/21,0.19999999999999998
02/04/21,0.5533333333333333
02/04/21,-0.15
02/04/21,-0.05555555555555555
02/04/21,0.3
02/04/21,0.6
02/04/21,0.06818181818181818
02/04/21,0.9
02/04/21,0.15656565656565657
02/04/21,0.478125
02/04/21,-0.25
02/04/21,0.11688311688311688
02/04/21,0.06818181818181818
02/04/21,-0.45
02/04/21,0.13636363636363635
02/04/21,-0.3
02/04/21,0.73828125
02/04/21,0.2
02/04/21,0.5
02/04/21,0.1
02/04/21,-0.03986291486291486
02/04/21,0.8
02/04/21,-0.006397306397306411
02/04/21,0.13636363636363635
02/04/21,0.375
02/04/21,0.16
02/04/21,0.13636363636363635
02/04/21,0.2857142857142857
02/04/21,0.15
02/04/21,-0.15625
02/04/21,-0.2
02/04/21,0.19444444444444445
02/04/21,0.6428571428571428
02/04/21,0.55
02/04/21,0.65
02/04/21,0.1076923076923077
02/04/21,0.5533333333333333
02/04/21,0.5333333333333333
02/04/21,0.1
02/04/21,0.5
02/04/21,-0.06666666666666667
02/04/21,-0.1875
02/04/21,0.25
02/04/21,1.0
02/04/21,0.25
02/04/21,0.06666666666666667
02/04/21,0.25
02/04/21,0.1
02/04/21,1.0
02/04/21,0.12693602693602693
02/04/21,-0.4666666666666666
02/04/21,0.13636363636363635
02/04/21,-0.043589743589743594
02/04/21,0.05
02/04/21,0.21875
02/04/21,0.9765625
02/04/21,0.1
02/04/21,-0.009595959595959616
02/04/21,0.25
02/04/21,0.8
02/04/21,0.3333333333333333
02/04/21,-0.05555555555555555
02/04/21,0.5166666666666667
02/04/21,0.16666666666666666
02/04/21,-0.125
02/04/21,0.08333333333333334
02/04/21,-0.07142857142857142
02/04/21,0.15000000000000002
02/04/21,0.5
02/04/21,0.16
02/04/21,0.25
02/04/21,-0.3
02/04/21,0.1
02/04/21,-0.16666666666666666
02/04/21,0.014814814814814808
02/04/21,0.13636363636363635
02/04/21,-0.009595959595959616
02/04/21,0.2681818181818182
02/04/21,-0.25
02/04/21,0.4
02/04/21,0.10625
02/04/21,0.1845238095238095
02/04/21,0.32222222222222224
02/04/21,0.725
02/04/21,0.1
02/04/21,-0.3
02/04/21,0.3333333333333333
02/04/21,0.225
02/04/21,0.13
02/04/21,-0.05555555555555555
02/04/21,0.75
02/04/21,0.26785714285714285
02/04/21,-0.4
02/04/21,0.16666666666666666
02/04/21,0.2333333333333333
02/04/21,0.16
02/04/21,-0.4
02/04/21,0.05
02/04/21,0.1
02/04/21,0.3711867559523809
02/04/21,0.525
02/04/21,0.16666666666666666
02/04/21,-0.3
02/04/21,0.045714285714285714
02/04/21,-0.025
02/04/21,0.1
02/04/21,0.8
02/04/21,-0.05
02/04/21,-0.2
02/04/21,0.075
02/04/21,-0.1277777777777778
02/04/21,0.16666666666666666
02/04/21,0.575
02/04/21,0.16666666666666669
02/04/21,0.3234848484848485
02/04/21,0.8
02/04/21,0.75
02/04/21,-0.15555555555555559
02/04/21,0.3
02/04/21,0.25
02/04/21,0.225
02/04/21,-0.16666666666666666
02/04/21,-0.03986291486291486
02/04/21,-0.07777777777777779
02/04/21,0.19999999999999998
02/04/21,0.5
02/04/21,-0.2
02/04/21,0.4
02/04/21,-0.35
02/04/21,0.8
02/04/21,0.5
02/04/21,0.32222222222222224
02/04/21,0.1
02/04/21,0.625
02/04/21,0.2683712121212121
02/04/21,0.8333333333333334
02/04/21,0.21111111111111114
02/04/21,0.1590909090909091
02/04/21,0.13636363636363635
02/04/21,0.08522727272727272
02/04/21,-0.06666666666666664
02/04/21,-0.1
02/04/21,-0.45
02/04/21,0.4125
02/04/21,0.35
02/04/21,0.2681818181818182
02/04/21,0.03750000000000001
02/04/21,0.2333333333333333
02/04/21,0.25
02/04/21,-0.5
02/04/21,0.2
02/04/21,-0.23958333333333331
02/04/21,-0.15
02/04/21,-0.1
02/04/21,-0.3
02/04/21,0.12500000000000003
02/04/21,0.5
02/04/21,-0.009595959595959616
02/04/21,0.35
02/04/21,-0.07142857142857142
02/04/21,0.16212121212121214
02/04/21,-0.25
02/04/21,0.13636363636363635
02/04/21,-0.13333333333333333
02/04/21,0.16666666666666666
02/04/21,0.6
02/04/21,-0.1294642857142857
02/04/21,0.33721590909090904
02/04/21,0.13636363636363635
02/04/21,0.03750000000000001
02/04/21,0.21428571428571427
02/04/21,1.0
02/04/21,0.4
02/04/21,-0.07777777777777779
02/04/21,0.4
02/04/21,0.1
02/04/21,-0.03986291486291486
02/04/21,-0.05555555555555555
02/04/21,0.3333333333333333
02/04/21,-0.125
02/04/21,-0.24305555555555558
02/04/21,0.25
02/04/21,0.5375
02/04/21,0.16666666666666666
02/04/21,0.2
02/04/21,-0.009595959595959616
02/04/21,0.27499999999999997
02/04/21,0.07500000000000001
02/04/21,-0.05555555555555555
02/04/21,0.225
02/04/21,-0.06818181818181818
02/04/21,0.3666666666666667
02/04/21,0.5
02/04/21,-0.05555555555555555
02/04/21,0.2857142857142857
02/04/21,0.5
02/04/21,-0.03986291486291486
02/04/21,0.13636363636363635
02/04/21,0.0625
02/04/21,-0.05000000000000001
02/04/21,-0.041666666666666664
02/04/21,0.2857142857142857
02/04/21,0.3
02/04/21,0.128125
02/04/21,0.16666666666666669
02/04/21,0.12500000000000003
02/04/21,-0.2
02/04/21,0.1
02/04/21,0.16666666666666666
02/04/21,0.014814814814814808
02/04/21,0.5
02/04/21,0.09999999999999995
02/04/21,0.2
02/04/21,0.19999999999999998
02/04/21,-0.5
02/04/21,-0.15555555555555559
02/04/21,-0.05555555555555555
02/04/21,-0.4375
02/04/21,0.06666666666666667
02/04/21,0.16666666666666666
02/04/21,-0.875
02/04/21,0.1
02/04/21,0.25
02/04/21,0.375
02/04/21,0.1
02/04/21,0.5
02/04/21,-0.26666666666666666
02/04/21,0.5
02/04/21,0.575
02/04/21,-0.16666666666666666
02/04/21,-0.05555555555555555
02/04/21,0.35
02/04/21,-0.05555555555555555
02/04/21,0.40208333333333335
02/04/21,-0.3333333333333333
02/04/21,0.3375
02/04/21,0.5852272727272727
02/04/21,-0.0625
02/04/21,0.1
02/04/21,0.3
02/04/21,0.1845238095238095
02/04/21,0.1125
02/04/21,-0.0625
02/04/21,0.13636363636363635
02/04/21,-0.09999999999999998
02/04/21,-0.15555555555555559
02/04/21,0.9
02/04/21,-0.02777777777777779
02/04/21,0.02777777777777778
02/04/21,0.5
02/04/21,0.7
02/04/21,0.2
02/04/21,0.35
02/04/21,-0.8
02/04/21,-0.25
02/04/21,0.09375
02/04/21,0.2333333333333333
02/04/21,-0.34375
02/04/21,0.65
02/04/21,-0.09166666666666667
02/04/21,0.4
02/04/21,0.05
02/04/21,0.45
02/04/21,0.55
02/04/21,-0.009595959595959616
02/04/21,0.625
02/04/21,-1.0
02/04/21,0.1875
02/04/21,0.07645833333333332
02/04/21,0.13636363636363635
02/04/21,-0.1375
02/04/21,0.05
02/04/21,0.7
02/04/21,-0.05555555555555555
02/04/21,0.16666666666666666
02/04/21,-0.8
02/04/21,-0.05555555555555555
02/04/21,-0.05555555555555555
02/04/21,0.15000000000000002
02/04/21,-0.15555555555555559
02/04/21,0.16666666666666666
02/04/21,-0.013333333333333336
02/04/21,-0.1875
02/04/21,0.3
02/04/21,-0.4
02/04/21,0.35833333333333334
02/04/21,0.4
02/04/21,0.625
02/04/21,0.4916666666666667
02/04/21,-0.2
02/04/21,0.13636363636363635
02/04/21,0.2
02/04/21,0.14285714285714285
02/04/21,-0.3
02/04/21,0.6000000000000001
02/04/21,0.55
02/04/21,-0.4
02/04/21,-0.009595959595959616
02/04/21,0.35000000000000003
02/04/21,0.5
02/04/21,0.8
02/04/21,0.2
02/04/21,0.13636363636363635
02/04/21,0.4
02/04/21,0.5833333333333334
02/04/21,-0.03986291486291486
02/04/21,-0.2916666666666667
02/04/21,-0.05555555555555555
02/04/21,0.1
02/04/21,0.28214285714285714
02/04/21,0.5666666666666667
02/04/21,0.16666666666666669
02/04/21,0.3833333333333333
02/04/21,-0.3125
02/04/21,1.0
02/04/21,0.2
02/04/21,-0.02777777777777779
02/04/21,0.16666666666666669
02/04/21,0.5
02/04/21,0.1
02/04/21,-0.2
02/04/21,0.053333333333333344
02/04/21,0.5
02/04/21,0.17045454545454544
02/04/21,-0.2
02/04/21,0.5
02/04/21,-0.15555555555555559
02/04/21,0.33721590909090904
02/04/21,0.21428571428571427
02/04/21,0.48333333333333334
02/04/21,0.06944444444444443
02/04/21,-0.21477272727272728
02/04/21,0.2
02/04/21,-1.0
02/04/21,-0.2
02/04/21,-0.4
02/04/21,0.04545454545454545
02/04/21,-0.875
02/04/21,1.0
02/04/21,-0.16666666666666666
02/04/21,-0.05
02/04/21,1.0
02/04/21,1.0
02/04/21,-0.4000000000000001
02/04/21,-0.01666666666666666
02/04/21,-0.05555555555555555
02/04/21,-0.3
02/04/21,0.6
02/04/21,0.11875
02/04/21,0.55
02/04/21,0.4
02/04/21,-0.16666666666666666
02/04/21,0.38
02/04/21,0.19999999999999998
02/04/21,0.13636363636363635
02/04/21,0.26666666666666666
02/04/21,0.6
02/04/21,-0.03986291486291486
02/04/21,0.3
02/04/21,0.27499999999999997
02/04/21,0.1845238095238095
02/04/21,0.3666666666666667
02/04/21,-0.3
02/04/21,0.5
02/04/21,0.22499999999999998
02/04/21,0.16666666666666666
02/04/21,-0.05555555555555555
02/04/21,-0.125
02/04/21,-0.009595959595959616
02/04/21,-0.6
02/04/21,0.2333333333333333
02/04/21,-0.009595959595959616
02/04/21,-0.1
02/04/21,0.35000000000000003
02/04/21,0.2
02/04/21,-0.375
02/04/21,0.08
02/04/21,0.4000000000000001
02/04/21,0.2055194805194805
02/04/21,-0.5777777777777778
02/04/21,-0.05555555555555555
02/04/21,0.25
02/04/21,-0.009595959595959616
02/04/21,0.25
02/04/21,-0.05555555555555555
02/04/21,0.2
02/04/21,0.25
02/04/21,-0.3333333333333333
02/04/21,0.1
02/04/21,-0.875
02/04/21,0.3
02/04/21,-0.4
02/04/21,0.1
02/04/21,0.3333333333333333
02/04/21,-0.5
02/04/21,-0.125
02/04/21,0.4
02/04/21,0.2
02/04/21,-0.16666666666666666
02/04/21,0.05
02/04/21,-0.025
02/04/21,0.37878787878787873
02/04/21,-0.05
02/04/21,0.4
02/04/21,-0.25
02/04/21,0.5
02/04/21,0.17045454545454544
02/04/21,0.11875000000000001
02/04/21,0.8
02/04/21,0.08
02/04/21,-0.29999999999999993
02/04/21,0.25
02/04/21,0.4
02/04/21,0.4
02/04/21,0.1590909090909091
02/04/21,0.16666666666666669
02/04/21,0.425
02/04/21,-0.2
02/04/21,1.0
02/04/21,0.25
02/04/21,0.5
02/04/21,0.5
02/04/21,0.27499999999999997
02/04/21,0.20833333333333334
02/04/21,0.625
02/04/21,0.06904761904761904
02/04/21,0.154978354978355
02/04/21,-0.5
02/04/21,-0.4
02/04/21,0.1
02/04/21,0.25
02/04/21,-0.3
02/04/21,0.5
02/04/21,0.154978354978355
02/04/21,-0.03986291486291486
02/04/21,-0.03986291486291486
02/04/21,-0.4
02/04/21,0.25
02/04/21,0.014814814814814808
02/04/21,0.19999999999999998
02/04/21,0.0875
02/04/21,-0.6
02/04/21,0.12499999999999999
02/04/21,1.0
02/04/21,-0.15555555555555559
02/04/21,-0.07777777777777779
02/04/21,0.3
02/04/21,0.5
02/04/21,-0.03986291486291486
02/04/21,-0.875
02/04/21,0.1845238095238095
02/04/21,-0.03986291486291486
02/04/21,-0.24621212121212122
02/04/21,0.3666666666666667
02/04/21,0.9
02/04/21,0.41904761904761906
02/04/21,-0.06666666666666664
02/04/21,0.13636363636363635
02/04/21,-0.03986291486291486
02/04/21,0.1
02/04/21,-0.025
02/04/21,0.5
02/04/21,0.33721590909090904
02/04/21,-0.05555555555555555
02/04/21,0.25
02/04/21,0.725
02/04/21,0.5
02/04/21,0.33721590909090904
02/04/21,0.21666666666666667
02/04/21,-0.25
02/04/21,0.25
02/04/21,-0.12708333333333333
02/04/21,-0.25
02/04/21,0.05
02/04/21,0.25357142857142856
02/04/21,-0.25
02/04/21,0.1
02/04/21,0.05
02/04/21,0.2833333333333333
02/04/21,0.1
02/04/21,0.05
02/04/21,0.014814814814814808
02/04/21,0.225
02/04/21,0.18333333333333335
02/04/21,0.06666666666666668
02/04/21,0.1
02/04/21,0.35
02/04/21,0.175
02/04/21,-0.05
02/04/21,0.6000000000000001
02/04/21,0.19999999999999998
02/04/21,0.7
02/04/21,0.25
02/04/21,0.45
02/04/21,1.0
02/04/21,-0.4
02/04/21,-0.875
02/04/21,0.25
02/04/21,-0.009595959595959616
02/04/21,-0.13181818181818183
02/04/21,0.17857142857142858
02/04/21,-0.125
02/04/21,0.17045454545454544
02/04/21,0.25
02/04/21,0.17045454545454544
02/04/21,0.65
02/04/21,-0.16666666666666666
02/04/21,0.1845238095238095
02/04/21,0.4000000000000001
02/04/21,-0.03986291486291486
02/04/21,0.16666666666666669
02/04/21,0.3
02/04/21,0.4
02/04/21,0.21428571428571427
02/04/21,-0.5
02/04/21,0.21428571428571427
02/04/21,-0.05555555555555555
02/04/21,0.875
02/04/21,0.1845238095238095
02/04/21,0.21428571428571427
02/04/21,0.2215909090909091
02/04/21,0.5
02/04/21,-0.009595959595959616
02/04/21,0.03333333333333333
02/04/21,0.014814814814814808
02/04/21,0.2
02/04/21,0.1
02/04/21,0.13333333333333333
02/04/21,0.19166666666666665
02/04/21,1.0
02/04/21,-0.25666666666666665
02/04/21,0.625
02/04/21,-0.03986291486291486
02/04/21,0.4
02/04/21,-0.1875
02/04/21,-0.09999999999999998
02/04/21,0.2333333333333333
02/04/21,-0.25
02/04/21,0.75
02/04/21,0.25
02/04/21,0.55
02/04/21,1.0
02/04/21,-0.20277777777777778
02/04/21,0.3333333333333333
02/04/21,-0.06666666666666667
02/04/21,0.5
02/04/21,0.15000000000000002
02/04/21,-0.2
02/04/21,0.2333333333333333
02/04/21,0.13636363636363635
02/04/21,0.31534090909090906
02/04/21,-0.3333333333333333
02/04/21,0.3
02/04/21,0.25
02/04/21,0.03333333333333333
02/04/21,0.25
02/04/21,-0.9
02/04/21,0.25
02/04/21,0.8
02/04/21,0.3875
02/04/21,-0.15555555555555559
02/04/21,0.16666666666666666
02/04/21,0.11212121212121212
02/04/21,-0.009595959595959616
02/04/21,0.35
02/04/21,-0.16666666666666666
02/04/21,0.1
02/04/21,0.13333333333333333
02/04/21,-0.16666666666666666
02/04/21,-0.875
02/04/21,0.2333333333333333
02/04/21,0.26666666666666666
02/04/21,-0.5
02/04/21,0.25
02/04/21,0.16666666666666666
02/04/21,0.05
02/04/21,0.1366666666666667
02/04/21,0.2
02/04/21,-0.2
02/04/21,-0.0892857142857143
02/04/21,0.08888888888888889
02/04/21,0.4666666666666666
02/04/21,-0.009595959595959616
02/04/21,0.2055194805194805
02/04/21,0.7
02/04/21,0.1875
02/04/21,-0.009595959595959616
02/04/21,0.1
02/04/21,0.1
02/04/21,-0.15
02/04/21,0.03333333333333333
02/04/21,0.625
02/04/21,0.4
02/04/21,0.4
02/04/21,0.06666666666666667
02/04/21,1.0
02/04/21,0.1
02/04/21,1.0
02/04/21,0.125
02/04/21,-0.2
02/04/21,1.0
02/04/21,0.4
02/04/21,0.07708333333333332
02/04/21,-0.15384615384615385
02/04/21,0.3
02/04/21,0.70625
02/04/21,0.37166666666666665
02/04/21,0.16666666666666666
02/04/21,0.17045454545454544
02/04/21,-0.05555555555555555
02/04/21,-0.05555555555555555
02/04/21,0.13333333333333333
02/04/21,-0.03986291486291486
02/04/21,-0.125
02/04/21,0.6
02/04/21,0.13636363636363635
02/04/21,0.5
02/04/21,-0.03986291486291486
02/04/21,-0.06666666666666665
02/04/21,0.4
02/04/21,0.1375
02/04/21,0.475
02/04/21,0.175
02/04/21,0.7
02/04/21,0.13636363636363635
02/04/21,-0.05555555555555555
02/04/21,0.44166666666666665
02/04/21,0.35000000000000003
02/04/21,0.5
02/04/21,0.7
02/04/21,0.9
02/04/21,0.4
02/04/21,-0.3
02/04/21,-0.05555555555555555
02/04/21,0.5
02/04/21,0.8
02/04/21,0.85
02/04/21,0.8
02/04/21,0.2
02/04/21,0.25357142857142856
02/04/21,0.44999999999999996
02/04/21,0.13636363636363635
02/04/21,0.030303030303030304
02/04/21,0.4333333333333333
02/04/21,0.5
02/04/21,0.1
02/04/21,0.17777777777777773
02/04/21,0.1845238095238095
02/04/21,0.8
02/04/21,-0.05
02/04/21,-0.009595959595959616
02/04/21,0.06818181818181818
02/04/21,0.8
02/04/21,-0.7999999999999999
02/04/21,0.5
02/04/21,0.1898148148148148
02/04/21,0.5
02/04/21,0.25
02/04/21,0.08
02/04/21,0.3
02/04/21,-0.022500000000000006
02/04/21,-0.15555555555555559
02/04/21,-0.05555555555555555
02/04/21,0.375
02/04/21,-0.075
02/04/21,-0.05555555555555555
02/04/21,0.225
02/04/21,0.10000000000000002
02/04/21,-0.3
02/04/21,0.5
02/04/21,0.3
02/04/21,-0.875
02/04/21,-0.009595959595959616
02/04/21,0.16666666666666666
02/04/21,0.9
02/04/21,-0.03986291486291486
02/04/21,-0.20277777777777778
02/04/21,0.28214285714285714
02/04/21,0.09999999999999998
02/04/21,0.8
02/04/21,0.25
02/04/21,-0.7999999999999999
02/04/21,0.375
02/04/21,-0.009595959595959616
02/04/21,-0.19444444444444448
02/04/21,0.3125
02/04/21,0.2
02/04/21,-0.2
02/04/21,-0.05555555555555555
02/04/21,-0.05555555555555555
02/04/21,0.13636363636363635
02/04/21,-0.6999999999999998
02/04/21,0.8
02/04/21,0.1845238095238095
02/04/21,0.2333333333333333
02/04/21,0.05952380952380952
02/04/21,0.5
02/04/21,0.13333333333333333
02/04/21,-0.0011904761904761793
02/04/21,-0.16666666666666666
02/04/21,0.4
02/04/21,-0.13749999999999998
02/04/21,-0.13571428571428573
02/04/21,0.4
02/04/21,0.5
02/04/21,0.08
02/04/21,-0.33125000000000004
02/04/21,0.65
02/04/21,0.4
02/04/21,0.5875
02/04/21,0.014814814814814808
02/04/21,0.5
02/04/21,0.16666666666666666
02/04/21,0.175
02/04/21,0.2
02/04/21,0.5
02/04/21,-0.875
02/04/21,-0.009595959595959616
02/04/21,0.2333333333333333
02/04/21,0.11818181818181818
02/04/21,-0.3
02/04/21,0.875
02/04/21,0.225
02/04/21,0.1
02/04/21,-0.25
02/04/21,0.3
02/04/21,-0.15
02/04/21,-0.1
02/04/21,0.640625
02/04/21,0.75
02/04/21,-0.7
02/04/21,0.4166666666666667
02/04/21,0.1
02/04/21,0.21875
02/04/21,0.43333333333333335
02/04/21,0.18571428571428572
02/04/21,-0.05555555555555555
02/04/21,0.2333333333333333
02/04/21,0.4
02/04/21,0.1845238095238095
02/04/21,-0.03333333333333333
02/04/21,0.5
02/04/21,0.8
02/04/21,0.26666666666666666
02/04/21,-0.20833333333333331
02/04/21,-0.20277777777777778
02/04/21,-0.3
02/04/21,-0.2
02/04/21,-0.125
02/04/21,-0.009595959595959616
02/04/21,-0.15384615384615385
02/04/21,0.4
02/04/21,0.15000000000000002
02/04/21,0.325
02/04/21,0.4
02/04/21,0.06818181818181818
02/04/21,0.3
02/04/21,0.030303030303030304
02/04/21,0.13636363636363635
02/04/21,0.35833333333333334
02/04/21,0.6
02/04/21,-1.0
02/04/21,0.13636363636363635
02/04/21,0.4
02/04/21,0.65
02/04/21,0.13636363636363635
02/04/21,-0.1
02/04/21,-0.15555555555555559
02/04/21,0.11212121212121212
02/04/21,0.13333333333333333
02/04/21,0.26666666666666666
02/04/21,0.2055194805194805
02/04/21,-1.0
02/04/21,0.2
02/04/21,-0.15384615384615385
02/04/21,-0.0875
02/04/21,0.5
02/04/21,0.35000000000000003
02/04/21,0.8
02/04/21,-0.05555555555555555
02/04/21,0.6
02/04/21,0.275
02/04/21,0.3333333333333333
02/04/21,0.75
02/04/21,0.05
02/04/21,0.13333333333333333
02/04/21,0.1845238095238095
02/04/21,0.35714285714285715
02/04/21,0.06666666666666667
02/04/21,0.26
02/04/21,-0.05555555555555555
02/04/21,0.25357142857142856
02/04/21,0.27625
02/04/21,-0.1
02/04/21,0.5681818181818181
02/04/21,-0.5
02/04/21,-0.15555555555555559
02/04/21,0.29545454545454547
02/04/21,-0.15
02/04/21,0.29545454545454547
02/04/21,-0.05
02/04/21,0.4
02/04/21,0.2
02/04/21,-0.25
02/04/21,-0.125
02/04/21,0.34659090909090906
02/04/21,0.13636363636363635
02/04/21,0.16666666666666666
02/04/21,0.05
02/04/21,-0.03986291486291486
02/04/21,0.5
02/04/21,0.13636363636363635
02/04/21,0.13333333333333333
02/04/21,0.3098214285714286
02/04/21,-0.25
02/04/21,0.8
02/04/21,-0.2
02/04/21,-0.009595959595959616
02/04/21,0.4
02/04/21,0.5
02/04/21,0.2
02/04/21,0.1
02/04/21,0.35
02/04/21,0.7
02/04/21,0.65
02/04/21,0.13636363636363635
02/04/21,0.5
02/04/21,-0.1
02/04/21,0.5
02/04/21,0.4
02/04/21,0.25
02/04/21,-0.13333333333333333
02/04/21,0.625
02/04/21,-0.5
02/04/21,-0.21477272727272728
02/04/21,0.25
02/04/21,0.4
02/04/21,-0.28787878787878785
02/04/21,0.002083333333333326
02/04/21,0.3666666666666667
02/04/21,0.5875
02/04/21,-0.15601851851851853
02/04/21,0.55
02/04/21,0.3666666666666667
02/04/21,0.5316666666666667
02/04/21,0.028571428571428567
02/04/21,-1.0
02/04/21,0.7
02/04/21,0.5316666666666667
02/04/21,0.5875
02/04/21,0.12500000000000003
02/04/21,0.3666666666666667
02/04/21,0.12500000000000003
02/04/21,-0.15
02/04/21,0.5875
02/04/21,-0.15
02/04/21,0.6
02/04/21,0.5875
02/04/21,-0.15
02/04/21,0.5316666666666667
02/04/21,0.1845238095238095
02/04/21,0.2333333333333333
02/04/21,-0.05
02/04/21,-0.15
02/04/21,0.12500000000000003
02/04/21,-0.07142857142857142
02/04/21,0.13333333333333333
02/04/21,0.07500000000000001
02/04/21,1.0
02/04/21,0.3333333333333333
02/04/21,0.48333333333333334
02/04/21,0.13636363636363635
02/04/21,0.25833333333333336
02/04/21,-0.07142857142857142
02/04/21,0.25
02/04/21,-0.15625
02/04/21,0.05357142857142857
02/04/21,0.05555555555555555
02/04/21,-0.025
02/04/21,-0.05
02/04/21,0.15
02/04/21,0.2
02/04/21,-0.09999999999999999
02/04/21,0.25
02/04/21,0.4
02/04/21,0.2681818181818182
02/04/21,0.3666666666666667
02/04/21,-0.07777777777777779
02/04/21,0.275
02/04/21,-0.009595959595959616
02/04/21,1.0
02/04/21,0.7
02/04/21,0.5
02/04/21,-0.009595959595959616
02/04/21,0.1
02/04/21,0.2333333333333333
02/04/21,0.125
02/04/21,0.05
02/04/21,-0.07142857142857142
02/04/21,-0.3499999999999999
02/04/21,0.425
02/04/21,-0.07142857142857142
02/04/21,0.44642857142857145
02/04/21,0.26
02/04/21,0.25
02/04/21,-0.15
02/04/21,0.2333333333333333
02/04/21,0.3
02/04/21,-0.14027777777777778
02/04/21,0.4
02/04/21,-0.03986291486291486
02/04/21,-0.525
02/04/21,0.4333333333333333
02/04/21,-0.8
02/04/21,0.2333333333333333
02/04/21,0.25
02/04/21,-0.18181818181818182
02/04/21,-0.041666666666666664
02/04/21,-0.009595959595959616
02/04/21,0.2333333333333333
02/04/21,0.3181818181818182
02/04/21,0.7999999999999999
02/04/21,0.11481481481481481
02/04/21,-0.28518518518518515
02/04/21,0.014814814814814808
02/04/21,0.3090909090909091
02/04/21,0.21875
02/04/21,1.0
02/04/21,1.0
02/04/21,0.4
02/04/21,-0.046666666666666655
02/04/21,0.35555555555555557
02/04/21,0.18571428571428572
02/04/21,0.65
02/04/21,0.5
02/04/21,0.7
02/04/21,-0.3
02/04/21,-0.03986291486291486
02/04/21,0.25
02/04/21,0.17045454545454544
02/04/21,0.09642857142857142
02/04/21,0.2
02/04/21,0.2
02/04/21,0.04999999999999999
02/04/21,-0.21666666666666667
02/04/21,0.25
02/04/21,0.08888888888888886
02/04/21,0.16666666666666666
02/04/21,0.13636363636363635
02/04/21,0.25
02/04/21,0.25
02/04/21,-0.5
02/04/21,0.05952380952380952
02/04/21,0.3
02/04/21,0.225
02/04/21,0.057142857142857134
02/04/21,0.7
02/04/21,0.5
02/04/21,0.875
02/04/21,0.33721590909090904
02/04/21,0.8
02/04/21,0.5249999999999999
02/04/21,-0.375
02/04/21,0.4
02/04/21,0.8
02/04/21,0.3181818181818182
02/04/21,0.1875
02/04/21,0.26
02/04/21,0.61875
02/04/21,0.16666666666666666
02/04/21,0.2
02/04/21,0.4375
02/04/21,1.0
02/04/21,-0.006249999999999999
02/04/21,0.13636363636363635
02/04/21,0.35
02/04/21,0.39999999999999997
02/04/21,0.1845238095238095
02/04/21,-0.05555555555555555
02/04/21,0.35
02/04/21,0.18333333333333335
02/04/21,0.5416666666666666
02/04/21,0.2055194805194805
02/04/21,0.325
02/04/21,0.5
02/04/21,0.25
02/04/21,0.022222222222222213
02/04/21,1.0
02/04/21,-0.04999999999999999
02/04/21,0.4
02/04/21,-0.21428571428571427
02/04/21,-0.013333333333333336
02/04/21,0.1
02/04/21,0.125
02/04/21,0.06818181818181818
02/04/21,0.1845238095238095
02/04/21,0.61875
02/04/21,0.4
02/04/21,0.2
02/04/21,1.0
02/04/21,0.8
02/04/21,0.13333333333333333
02/04/21,-0.15
02/04/21,0.4
02/04/21,0.045714285714285714
02/04/21,-0.05555555555555555
02/04/21,-0.2
02/04/21,0.125
02/04/21,0.875
02/04/21,0.13636363636363635
02/04/21,0.5
02/04/21,0.3
02/04/21,-0.15000000000000002
02/04/21,0.35
02/04/21,-0.4
02/04/21,-0.05
02/04/21,0.1
02/04/21,0.2
02/04/21,0.2
02/04/21,0.35
02/04/21,-0.16666666666666666
02/04/21,0.3333333333333333
02/04/21,-0.5
02/04/21,-0.009595959595959616
02/04/21,-0.07777777777777779
02/04/21,0.2590909090909091
02/04/21,0.18333333333333332
02/04/21,0.15
02/04/21,0.0375
02/04/21,0.014814814814814808
02/04/21,0.19999999999999998
02/04/21,0.65
02/04/21,-0.1875
02/04/21,0.4166666666666667
02/04/21,0.06818181818181818
02/04/21,0.25
02/04/21,0.45
02/04/21,-0.875
02/04/21,0.25
02/04/21,0.16666666666666669
02/04/21,0.225
02/04/21,0.8
02/04/21,0.07878787878787878
02/04/21,0.1
02/04/21,0.4
02/04/21,0.25
02/04/21,0.25
02/04/21,-0.5
02/04/21,-0.009595959595959616
02/04/21,0.1845238095238095
02/04/21,-0.4
02/04/21,0.3333333333333333
02/04/21,0.2
02/04/21,-0.05555555555555555
02/04/21,0.8
02/04/21,0.8
02/04/21,-0.03986291486291486
02/04/21,-0.05555555555555555
02/04/21,-0.009595959595959616
02/04/21,-0.05555555555555555
02/04/21,0.5
02/04/21,-0.03986291486291486
02/04/21,0.5047619047619047
02/04/21,0.21666666666666667
02/04/21,0.4
02/04/21,0.2333333333333333
02/04/21,0.1181818181818182
02/04/21,0.8
02/04/21,1.0
02/04/21,0.25
02/04/21,0.175
02/04/21,0.478125
02/04/21,-0.15555555555555559
02/04/21,-0.05555555555555555
02/04/21,0.4
02/04/21,0.2
02/04/21,0.1
02/04/21,-0.15555555555555559
02/04/21,0.21875
02/04/21,0.13333333333333333
02/04/21,-0.03986291486291486
02/04/21,0.16
02/04/21,0.48000000000000004
02/04/21,0.1
02/04/21,0.16666666666666666
02/04/21,0.25
02/04/21,0.1181818181818182
02/04/21,0.125
02/04/21,-0.25
02/04/21,0.06818181818181818
02/04/21,1.0
02/04/21,0.16666666666666669
02/04/21,-0.03986291486291486
02/04/21,0.65
02/04/21,-0.009595959595959616
02/04/21,-0.30000000000000004
02/04/21,0.06818181818181818
02/04/21,0.16666666666666666
02/04/21,0.25
02/04/21,-0.05555555555555555
02/04/21,0.625
02/04/21,0.5
02/04/21,-0.3
02/04/21,0.1
02/04/21,0.21212121212121213
02/04/21,0.5
02/04/21,0.2
02/04/21,0.4
02/04/21,0.55
02/04/21,-0.75
02/04/21,0.6
02/04/21,0.45
02/04/21,0.5416666666666666
02/04/21,0.25
02/04/21,0.1
02/04/21,0.9
02/04/21,0.44166666666666665
02/04/21,0.45
02/04/21,-0.05555555555555555
02/04/21,-0.25
02/04/21,-0.09999999999999998
02/04/21,0.3333333333333333
02/04/21,0.21428571428571427
02/04/21,0.25
02/04/21,-0.875
02/04/21,0.25
02/04/21,0.1333333333333333
02/04/21,0.1
02/04/21,0.8
02/04/21,0.8
02/04/21,0.16666666666666666
02/04/21,0.275
02/04/21,0.07500000000000001
02/04/21,-0.1
02/04/21,0.5
02/04/21,-0.5
02/04/21,0.25
02/04/21,-0.43333333333333335
02/04/21,0.3666666666666667
02/04/21,0.25
02/04/21,0.3333333333333333
02/04/21,0.5
02/04/21,0.4
02/04/21,-0.5
02/04/21,-0.29999999999999993
02/04/21,0.6
02/04/21,0.4166666666666667
02/04/21,-0.1
02/04/21,0.17777777777777778
02/04/21,0.625
02/04/21,0.3
02/04/21,0.03333333333333333
02/04/21,-0.4
02/04/21,0.61875
02/04/21,0.35000000000000003
02/04/21,-0.15555555555555559
02/04/21,0.8
02/04/21,0.25
02/04/21,0.014814814814814808
02/04/21,0.25
02/04/21,0.3
02/04/21,-0.009595959595959616
02/04/21,0.10833333333333334
02/04/21,-0.3
02/04/21,0.23749999999999996
02/04/21,0.5
02/04/21,0.35
02/04/21,0.18571428571428572
02/04/21,0.4
02/04/21,-0.2
02/04/21,0.1
02/04/21,0.26
02/04/21,-0.06666666666666665
02/04/21,0.25
02/04/21,0.225
02/04/21,0.7
02/04/21,0.25
02/04/21,-0.009595959595959616
02/04/21,0.4
02/04/21,0.06818181818181818
02/04/21,0.2333333333333333
02/04/21,0.5
02/04/21,0.1
02/04/21,0.3
02/04/21,0.09545454545454546
02/04/21,0.2625
02/04/21,-0.05555555555555555
02/04/21,0.05
02/04/21,0.16666666666666666
02/04/21,-0.009595959595959616
02/04/21,0.042857142857142864
02/04/21,0.2978219696969697
02/04/21,0.1375
02/04/21,0.8
02/04/21,0.06818181818181818
02/04/21,-0.009595959595959616
02/04/21,-0.03986291486291486
02/04/21,-0.03986291486291486
02/04/21,-0.1277777777777778
02/04/21,0.16666666666666669
02/04/21,0.19999999999999998
02/04/21,0.21666666666666667
02/04/21,-0.25
02/04/21,-0.6
02/04/21,0.625
02/04/21,1.0
02/04/21,0.16666666666666666
02/04/21,0.05952380952380952
02/04/21,-0.45
02/04/21,0.07500000000000001
02/04/21,0.3
02/04/21,0.2
02/04/21,0.45
02/04/21,0.1845238095238095
02/04/21,-0.07777777777777779
02/04/21,0.3
02/04/21,0.19318181818181818
02/04/21,0.21875
02/04/21,0.6000000000000001
02/04/21,0.05
02/04/21,-0.16666666666666666
02/04/21,0.7
02/04/21,0.1
02/04/21,0.1
02/04/21,0.2
02/04/21,-0.006397306397306411
02/04/21,0.26
02/04/21,-0.05
02/04/21,0.17250000000000001
02/04/21,-0.875
02/04/21,0.44642857142857145
02/04/21,0.35
02/04/21,0.25
02/04/21,0.21428571428571427
02/04/21,0.08333333333333333
02/04/21,0.16
02/04/21,-0.07291666666666667
02/04/21,0.5
02/04/21,0.44642857142857145
02/04/21,0.8
02/04/21,0.21875
02/04/21,-0.15555555555555559
02/04/21,0.2857142857142857
02/04/21,0.7
02/04/21,0.06818181818181818
02/04/21,-0.05555555555555555
02/04/21,0.2333333333333333
02/04/21,-0.15601851851851853
02/04/21,0.25
02/04/21,-0.07777777777777779
02/04/21,0.2
02/04/21,0.15
02/04/21,-0.04444444444444443
02/04/21,0.35
02/04/21,0.3814814814814815
02/04/21,-0.4
02/04/21,-0.20277777777777778
02/04/21,-0.15
02/04/21,0.55
02/04/21,-0.125
02/04/21,-0.5
02/04/21,0.25
02/04/21,0.4
02/04/21,-0.16666666666666666
02/04/21,0.13333333333333333
02/04/21,0.4642857142857143
02/04/21,0.25
02/04/21,0.4
02/04/21,-0.03986291486291486
02/04/21,-0.8
02/04/21,0.22443181818181818
02/04/21,0.2
02/04/21,0.3
02/04/21,0.5
02/04/21,0.4
02/04/21,0.125
02/04/21,0.3
02/04/21,0.1875
02/04/21,-0.05
02/04/21,0.26
02/04/21,0.5
02/04/21,0.022222222222222213
02/04/21,-0.11875
02/04/21,0.3
02/04/21,0.44166666666666665
02/04/21,0.21875
02/04/21,-0.2
02/04/21,-0.35
02/04/21,0.45
02/04/21,0.875
02/04/21,-0.009595959595959616
02/04/21,-0.009595959595959616
02/04/21,-0.07291666666666667
02/04/21,0.36736111111111114
02/04/21,-0.875
02/04/21,0.5666666666666667
02/04/21,0.30714285714285716
02/04/21,0.625
02/04/21,-0.25
02/04/21,0.75
02/04/21,0.05
02/04/21,0.154978354978355
02/04/21,0.55
02/04/21,0.19318181818181818
02/04/21,0.7
02/04/21,-0.2
02/04/21,1.0
02/04/21,0.18571428571428572
02/04/21,-0.2
02/04/21,0.3125
02/04/21,0.4681818181818182
02/04/21,0.30000000000000004
02/04/21,0.3666666666666667
02/04/21,0.5316666666666667
02/04/21,-0.05555555555555555
02/04/21,-0.25
02/04/21,0.12500000000000003
02/04/21,-0.875
02/04/21,-0.009595959595959616
02/04/21,0.16666666666666669
02/04/21,0.3
02/04/21,0.5
02/04/21,0.06818181818181818
02/04/21,0.2
02/04/21,0.25
02/04/21,-0.3125
02/04/21,0.8
02/04/21,0.5611111111111111
02/04/21,0.26
02/04/21,0.3
02/04/21,-0.009595959595959616
02/04/21,-0.16666666666666666
02/04/21,0.014814814814814808
02/04/21,-0.2916666666666667
02/04/21,0.3
02/04/21,0.4
02/04/21,0.2
02/04/21,0.2111111111111111
02/04/21,0.10079365079365078
02/04/21,-0.07777777777777779
02/04/21,-0.875
02/04/21,0.31250000000000006
02/04/21,0.625
02/04/21,-0.15
02/04/21,-0.1
02/04/21,0.3
02/04/21,0.16944444444444443
02/04/21,0.18571428571428572
02/04/21,0.21875
02/04/21,-0.15384615384615385
02/04/21,0.5
02/04/21,-0.5
02/04/21,0.3
02/04/21,0.05
